ID,Level 1 (TOP TERMS),Level 2 (BROADER TERM),SYNONYMS,DESCRIPTION,Sport England TT,SportSuite TT,EMD TT,SE BT,SS TT,EMD TT,SE Recognised TT?,SE Recognised BT?
22584a2a-fafc-4710-863c-8a1fc3f96b2c,Aikido,,,Aikido is a Japanese martial art focusing on self-defense that is based on harmonising your movement and intention with that of an aggressive attack.,Level 1,Level 1,No,,,,Yes,
9caeb442-2834-4859-b660-9172ed61ee71,American Football,,,American Football is a team sport where the objective is to score points by advancing the ball into the opposing team's end zone by running with it or throwing it to a teammate.,Level 1,Level 1,No,,,,Yes,
a4375402-067d-4549-9d3a-8c1e998350a1,American Football,Flag Football,,"Flag is the fastest growing format of the game in Great Britain, encompassing schools, colleges, universities and in the community.",Level 1,Level 1,No,No,Level 2,No,Yes,No
72d19892-5f55-4e9c-87b0-a5433baa49c8,Angling,,Fishing,"Angling is the sport of catching fish with a rod, line, and hook.",Level 1,Level 1,No,,,,Yes,
f440805a-0364-48a8-b722-deb418a87d89,Aquathon,,,,Level 1,No,No,,,,No,
343f01cb-a2e8-48e8-9c0f-dcc7fbaf7ce4,Archery,,,Archery involves using a bow and arrow to hit a stationary target. Points are then scored based on the position the arrow lands on the target.,Level 1,Level 1,No,,,,Yes,
d18b2d90-e6aa-4fb1-a5f0-2094b1328a0c,Arm Wrestling,,,,Level 1,No,No,,,,Yes,
4d280e1b-a370-4582-ab4d-442b2eeaf5d4,Athletics,,,"Athletics is a collection of track and field events that involve running, jumping and throwing.",Level 1,Level 1,No,,,,Yes,
31ff0671-ac82-438c-881f-ba52b9e5e91a,Athletics,Discus Throw,,Throwing athletics track and field event.,Level 1,Level 1,No,No,Level 2,No,Yes,No
e0b45fa9-5576-414c-9fa7-bcf44a119253,Athletics,Hammer Throw,,Hammer throw is a modern day Olympic track and field event where athletes hurl a steel ball attached to a wire.,Level 1,Level 1,No,No,Level 2,No,Yes,No
7c9fced1-df85-465f-92cb-205e31659929,Athletics,High Jump,,High jump is an athletic track and field event,Level 1,Level 1,No,No,Level 2,No,Yes,No
a11a67ba-65e3-4b45-839a-0e1e4013b966,Athletics,Javelin Throw,,Javelin is the athletic sport of throwing a metal spear as far as possible.,Level 1,Level 1,No,No,Level 2,No,Yes,No
52aa05ed-b23f-4bad-b443-b8af1baa0725,Athletics,Long Jump,,"Long jump (historically called the broad jump) is a track and field event in which athletes combine speed, strength, and agility in an attempt to leap as far as possible from a take off point.",Level 1,Level 1,No,No,Level 2,No,Yes,No
5df80216-2af8-4ad3-8120-a34c11ea1a87,Athletics,Pole Vault,,"Pole vaulting is a track and field event in which the athlete uses a long, flexible pole as an aid to jump over a bar.",Level 1,Level 1,No,No,Level 2,No,Yes,No
b807b6e2-fedf-4682-bef4-dddd5e711a51,Athletics,Shot Put,,Shot Put is an athletic discipline that involves 'putting' a spherical weight as far as possible.,Level 1,Level 1,No,No,Level 2,No,Yes,No
91dbf631-5071-43d2-b49d-3cecf2a40f5c,Athletics,Track and Field,,,Level 1,Level 1,No,Level 2,No,No,Yes,Yes
55877996-733a-4d9b-ad7d-79f07dcb56f9,Australian Rules Football,,"AFL,Aussie Rules Football,Aussie Rules",,Level 1,No,No,,,,Yes,
c0360db0-a817-4bae-9167-40f89b49fc9e,Badminton,,,Badminton is a racket sport that involves hitting a shuttlecock over a net on indoor courts. Points are scored when the opponent is unable to return the shuttlecock before it hits the floor.,Level 1,Level 1,No,,,,Yes,
fb712db6-6d9c-4fc8-b4d8-6058cd0fc340,Badminton,Outdoor Badminton,,Badminton is a racket sport that involves hitting a shuttlecock over a net on indoor courts. Points are scored when the opponent is unable to return the shuttlecock before it hits the floor.,Level 1,Level 1,No,Level 2,No,No,Yes,No
e1231699-4b6b-424c-ab84-4c7706f3dfff,Badminton,Para-Badminton,,,Level 1,Level 1,No,No,Level 1,No,Yes,No
85ac8e6d-4241-46fb-9ea2-4417567a852c,Ballooning,,,,Level 1,Level 1,No,,,,Yes,
ab4a33f2-dc13-4f7f-afa4-a3184dc00eab,Baseball,,,Baseball is played by two teams of nine players each. The teams take turns batting and fielding. The batting team is called the offensive team and the fielding team is called the defensive team.,Level 1,Level 1,No,,,,Yes,
e09776e6-f1b4-421b-b667-5c5913cf97aa,Basketball,,,"Basketball is a game played by two teams of usually five players each on a rectangular court having a raised basket or goal at each end, points being scored by tossing the ball through the opponent's basket.",Level 1,Level 1,No,,,,Yes,
37047196-6521-4f6e-ae8f-b97956ad9af8,Basketball,Deaf Basketball,,Deaf basketball is basketball played by individuals with hearing impairments. Sign language is used to communicate whistle blows and communication between players.,Level 1,Level 1,No,No,Level 2,No,Yes,No
66be9946-88f5-4889-bb6b-46dbef833f6d,Basketball,Inclusive Zone Basketball,,,Level 1,Level 1,No,No,Level 2,No,Yes,No
491f00db-e058-43a3-afb7-d352d3dd5b5e,Basketball,Walking Basketball,,"Walking Basketball provides low impact, cardio exercise, incorporating constant brisk walking. It improves fitness, and is mentally challenging. Playing as part of a team, it brings a sense of camaraderie which is fun and rewarding.",Level 1,Level 1,No,No,Level 1,No,Yes,No
bd661e66-7781-4934-90f4-8655d07eebd7,Basketball,Wheelchair Basketball,,"Wheelchair basketball retains most major rules and scoring of basketball, and maintains a 10-foot basketball hoop and standard basketball court.",Level 1,Level 1,No,Level 1,Level 1,No,Yes,Yes
6321f3aa-e54b-4f87-98be-56b1f57819a2,Baton Twirling,,,Baton Twirling involves performing with a baton to music.,Level 1,Level 1,No,,,,Yes,
ab39e693-0dc7-485f-93e0-480c7ac838bc,Biathlon,,,Biathlon takes place in winter combining cross-country skiing and rifle shooting.,Level 1,No,No,,,,Yes,
7d028d22-a6e7-45dd-a4b0-53e9199ef668,Bicycle Polo,,,,Level 1,No,No,,,,No,
c4661096-04c3-41de-b8d2-00788dd53023,Billiards,,,,Level 1,No,No,,,,No,
eaa5a9bc-c23d-4643-80d9-8691646545be,Pool,,,,Level 1,No,No,,,,Yes,
ee7fa47c-617b-44ac-88fa-ef7b7ae03516,Snooker,,,Snooker is played using a cue and 22 snooker balls,Level 1,No,No,,,,No,
fa83a907-c08e-46d0-949b-a9fb43057378,Bobsleigh,,,Bobsleigh involves teams of 2 or 4 people steering a sled down a ice track as quickly as possible.,Level 1,Level 2,No,,,,Yes,
611363c5-8acf-4eeb-aeba-c33e9c70146e,Boccia,,,"The aim of the game is to throw leather balls - coloured red or blue as close as you can to a white target ball, or jack.",Level 1,Level 1,No,,,,Yes,
b885f4f6-2242-4d11-9466-065d60402624,Bowls,,,"Played outdoors on a flat square of grass, or indoors on an artificial surface, bowls involves throwing/rolling a ball to end up as close to a target as possible.",Level 1,Level 1,No,,,,Yes,
5574585d-3f21-493c-8860-54077f7e9bb2,Bowls,Boules,,,Level 1,Level 1,No,Level 2,No,No,Yes,No
46f94a25-a024-4b0a-be2f-3aef1dfea5ec,Bowls,Carpet Bowls,,,Level 1,Level 1,No,Level 2,No,No,Yes,No
7e3d7efd-d2da-4d42-86e6-4466a3062ceb,Bowls,Crown Green Bowls,,,Level 1,Level 1,No,Level 2,No,No,Yes,No
e2d7a898-09a9-4342-8ea8-0446936682bf,Bowls,Deck Bowls,,,Level 1,Level 1,No,Level 2,No,No,Yes,No
d0796a7e-9ed9-4b45-921d-6b0a20780c27,Bowls,Flat Green Bowls,,,Level 1,Level 1,No,Level 2,No,No,Yes,No
3f0def6f-600f-43d2-b86b-d4114231d50a,Bowls,Short Mat Bowls,,,Level 1,Level 1,No,Level 2,No,No,Yes,No
d4417bb3-383f-489b-b0c7-731b82f3b220,Boxing,,,"Boxing is fast, technical and requires very high levels of fitness. Scoring is based around technique with bouts decided by judges and the result is based on the number of punches that land in a 'target area'.",Level 1,Level 1,No,,,,Yes,
2ef0ae95-61e2-4beb-9eda-e96f126878de,Boxing,Chess-Boxing,,Chess boxing is a hybrid sport which involves alternating rounds of boxing and chess,Level 1,Level 1,No,No,Level 1,No,Yes,No
da9093e5-3290-4eb4-b77f-5008ad00986e,Camogie,,,,Level 1,No,No,,,,Yes,
e0425262-6f1d-4c58-ba8a-dd790c5351b1,Canoeing,,,Canoeing involves using a paddle to move across the water in a narrow vessel.,Level 1,Level 1,No,,,,Yes,
cb174be9-744b-46ff-b5b8-623257590b0d,Canoeing,Canoe Polo,,Canoe Polo combines paddling and ball handling skills with an exciting contact team game.,Level 1,Level 1,No,No,Level 2,No,Yes,No
d5f34cb1-35c0-46e5-ad6d-181f77274640,Cardiovascular Classes,,,,No,No,No,,,,No,
678b9fc4-1860-4377-85b9-e4c01628582a,Cardiovascular Classes,Aerobics,,"Aerobics is a form of physical exercise that combines rhythmic aerobic exercise with stretching and strength training routines with the goal of improving all elements of fitness (flexibility, muscular strength, and cardiovascular fitness).",No,No,No,Level 2,Level 2,Level 2,No,No
fee226da-a928-44ec-a194-f1d328e2a9df,Cardiovascular Classes,Blast Fx,,,No,No,No,No,No,Level 2,No,No
c3bc55ef-1250-4542-9041-617e3764c7d7,Cardiovascular Classes,Body Combat™,Body combat,BODYCOMBATâ„¢ is a high-energy martial arts-inspired workout that is totally non-contact.,No,No,No,No,No,Level 2,No,No
0fca2365-5304-4fec-9c56-8b53c06020c3,Cardiovascular Classes,Bodyattack™,Body attack,BODYATTACKâ„¢ is the sports-inspired cardio workout for building strength and stamina.,No,No,No,No,No,Level 2,No,No
eda910f1-0de6-4038-b954-43b691f7d954,Cardiovascular Classes,Bodystep™,,"BODY STEPâ„¢ combines basic stepping with moves like burpees, push ups and weight plate exercises to work the upper body.",No,No,No,No,No,Level 2,No,No
31f3db8a-16a1-4cb8-85e7-9413149816b4,Cardiovascular Classes,Born To Move,,,No,No,No,No,No,Level 2,No,No
d19b001c-646b-43fa-8a9b-287e08e1b66c,Cardiovascular Classes,Boxfit,,,No,No,No,No,Level 2,Level 2,No,No
35283629-1fd1-4693-9cd4-d0335549cad9,Cardiovascular Classes,Buggy Boot Camp,,A postnatal fitness programme for mums with their babies in their buggies.,No,No,No,No,No,Level 2,No,No
4ad68772-7dc5-4635-8a0f-d4cd9c656c25,Cardiovascular Classes,Buggy Fitness,,,No,No,No,No,No,Level 2,No,No
59ffeeac-1619-4f01-9c17-b007a3bb345d,Cardiovascular Classes,Burn,,,No,No,No,No,No,Level 2,No,No
ee3cf3ee-082e-4f53-9cb2-3ef0589497ed,Cardiovascular Classes,Chair Based Exercise,,"Chair based exercise classes are designed to help improve strength and balance, from the comfort of a chair.",No,No,No,No,Level 1,Level 2,No,No
b9886ed0-35af-4905-a610-39b1be8a4cf0,Cardiovascular Classes,Exercise To Music,,,No,No,No,No,No,Level 2,No,No
becf4e8f-0903-4f77-84fe-ba593d43fc9c,Cardiovascular Classes,Generic,,,No,No,No,No,No,Level 2,No,No
21b6faae-c7cd-431f-9f2f-7d151e82de33,Cardiovascular Classes,Hiit,,,No,No,No,No,No,Level 2,No,No
5f09c2ca-ceeb-4e0c-871f-e2d0b9971317,Cardiovascular Classes,Indoor Cycling,Spin,Indoor Cycling can takes place on indoors on a stationary bike.,No,No,No,No,Level 1,Level 2,No,No
12756b9e-de31-4372-8df8-027ca02ef5ff,Cardiovascular Classes,Indoor Rowing,,,No,No,No,Level 2,No,Level 2,No,No
56ba53cd-aaa5-4401-a5f9-7aa2d87bf594,Cardiovascular Classes,Insanity,Insanity®,Insanity uses MAX Interval Training to force the body to work for longer periods of time at a higher capacity than traditional workouts.,No,No,No,Level 2,Level 1,Level 2,No,No
a426499e-fc97-4a56-81ab-09f581ef0a91,Cardiovascular Classes,Jump Fx,,,No,No,No,No,No,Level 2,No,No
8e1264db-697b-480b-b492-d3dc88bd0b2b,Cardiovascular Classes,Les Mills Grit™,,,No,No,No,No,No,Level 2,No,No
d9f86e98-ffbc-4621-aabd-e5d7ff0aa058,Cardiovascular Classes,Metafit,,,No,No,No,No,No,Level 2,No,No
9518746d-17e6-4ec4-9559-73c8d0fcb266,Cardiovascular Classes,New Body,,,No,No,No,No,No,Level 2,No,No
89f3254e-0d8b-4d43-9dc3-ddbd0d5ddfea,Cardiovascular Classes,Pound™,,,No,No,No,No,No,Level 2,No,No
424a5a34-5b68-44e8-a348-cd17445edb00,Cardiovascular Classes,Punch And Strike,,,No,No,No,No,No,Level 2,No,No
fb3d49c9-5eb5-44cc-b65c-76c86b0e0651,Cardiovascular Classes,Rebound,,,No,No,No,No,No,Level 2,No,No
2c2b9be5-9491-4958-bee8-70ced347d384,Cardiovascular Classes,Rpm™,RPM,"RPMâ„¢ is an indoor cycling class, set to the rhythm of motivating music.",No,No,No,No,No,Level 2,No,No
1dae5189-7677-4921-9ad2-e04b23faff57,Cardiovascular Classes,Sit N B Fit,,,No,No,No,No,No,Level 2,No,No
1bdf3fac-9d6b-401b-a773-87a9a1c86ed1,Cardiovascular Classes,Skipping,,,No,No,No,Level 1,No,Level 2,No,Yes
ec70ff71-965c-4033-9308-4ab2d38539fc,Cardiovascular Classes,Skiptrix®,,A group exercise programme with multi-levels of jump rope skills and tricks structured into an aerobic workout.,No,No,No,No,No,Level 2,No,No
14eff16c-6da8-4f3e-9a85-37a8e7d3062d,Cardiovascular Classes,Spinning,Spin class,,No,No,No,Level 2,No,Level 2,No,No
4dcf7963-c089-4e9c-995e-8735b3ffc2d7,Cardiovascular Classes,Sprint®,,,No,No,No,No,No,Level 2,No,No
01e547fd-2a10-40a4-a297-6d827c10529c,Cardiovascular Classes,Step Aerobics,,Step involves performing aerobics on an elevated platform (the step).,No,No,No,Level 2,No,Level 2,No,No
296c2a05-e224-4c9e-ba1a-944b769335d0,Cardiovascular Classes,Tabata,,,No,No,No,No,No,Level 2,No,No
4d7267d8-6df5-4d28-9de3-2c51c33f7608,Cardiovascular Classes,Vypa®,,,No,No,No,No,No,Level 2,No,No
a27fa5f2-1283-44dd-aed6-613476d3a0fa,Caving,,,Caving is the recreational pastime of exploring cave systems,Level 1,Level 1,No,,,,Yes,
ffcf465b-723f-4f97-933b-4cb35e3ff9ae,Cheerleading,,,"Competitive cheerleading involves squads of cheerleaders competing against each other by performing routines to music that include stunts, jumps and tumbles.",Level 1,Level 2,Level 2,,,,No,
d09970bc-e11c-40cc-a594-38e4ff32d611,Climbing,,,,Level 1,Level 1,No,,,,Yes,
b3d9964a-3a8f-4ac0-a96c-322eeb462ef6,Climbing,Abseiling,,Abseiling is a technique used in climbing to allow safe descent of steep terrain.,Level 1,Level 1,No,Level 1,Level 2,No,Yes,Yes
ef33414f-b228-4b65-b5e1-329c0215490d,Climbing,Bouldering,,,Level 1,Level 1,No,Level 2,No,No,Yes,Yes
e3f7b1de-71f1-4e2c-aa41-9ca109f563ca,Climbing,Lead Climbing,,,Level 1,Level 1,No,Level 2,No,No,Yes,No
ae0fdf39-41c2-492a-9a69-2853914d0413,Climbing,Rock Climbing,,Sport Rock Climbing involves climbing a rock using fixed protection that is already inplace as they ascend. ,Level 1,Level 1,No,Level 2,No,No,Yes,No
4acb955c-4084-4588-bbd1-64afe1cace6f,Climbing,Top Rope Climbing,,,Level 1,Level 1,No,Level 2,No,No,Yes,No
77e3f8fa-c8b3-4e4e-bf1a-ff4b914bb6ec,Cricket,,,"The aim of the batting team is to score as many 'runs' as possible - running between the wickets, exchanging ends with a second batsman (the non-striker), who has been waiting near the bowler's wicket.",Level 1,Level 1,No,,,,Yes,
958ebad8-c24b-4742-8c19-0a6fce9a8dc8,Cricket,Kwik Cricket,,"Kwik Cricket aims to provide children of all levels of ability and experience with an opportunity to regularly participate in a fun, introduction to cricket and to encourage fair play by all. The format is suitable for all ages but is mostly suitable for players under the age of 11.",Level 1,Level 1,No,No,Level 2,No,Yes,No
b8efe801-b826-4119-b8b2-40d6a4811474,Cricket,Long Form Cricket (E.G. 40-50 Overs),,,Level 1,Level 1,No,Level 2,No,No,Yes,No
efb69c57-7410-4987-9303-6161db093405,Cricket,Short Form Cricket (E.G. 20:20),,,Level 1,Level 1,No,Level 2,No,No,Yes,No
f4c54ee8-d572-4b09-a82b-0be2c1ff4745,Cricket,Table Cricket,,"Table Cricket is a game for everyone to play and enjoy – young or old, disabled and non-disabled – and is a great way to teach the basic rules of cricket, all on a table top.",Level 1,Level 1,No,No,Level 2,No,Yes,No
ebfabffe-1218-4c7f-a9d5-a6adf37dd503,Cricket,Cricket nets,,,Level 1,Level 1,No,Level 2,No,No,Yes,No
089fe8a7-7af3-4420-a361-88acb57fc95c,Cricket,Practice nets,,,Level 1,Level 1,No,Level 2,No,No,Yes,No
8cba755c-5b62-4e79-b9f2-4f0cb5248f74,Croquet,,,Croquet is an ideal way to spend a summer's afternoon.,Level 1,Level 1,No,,,,Yes,
853eab30-5812-44a8-8996-9e9e107bc4f9,Crossfit,,,"CrossFit is a strength and conditioning program consisting mainly of a mix of aerobic exercise, gymnastics (body weight exercises), and Olympic weight lifting.",Level 1,Level 1,No,,,,No,
e0fced38-3d72-48bb-b203-05e75d4df55e,Curling,,,Curling is a sport in which players slide stones across ice towards a circular target area.,Level 1,Level 1,No,,,,Yes,
59dac22d-b698-4a6a-80ef-41cd16b22716,Curling,Kurling,,"New Age Kurling is a form of the original curling game, but adapted so that it can be played indoors on any smooth, flat surface, such as a sports hall, rather than on ice.",Level 1,Level 1,No,No,Level 2,No,Yes,No
4a19873e-118e-43f4-b86e-05acba8fb1de,Cycling,,,"Cycling is a great sport, loved by millions around the world.",Level 1,Level 1,No,,,,Yes,
d30c3317-7562-4be6-8e31-b82434fd6690,Cycling,Bmx Racing,"Bicycle Motocross, BMX",BMX racing is a type of off-road bicycle racing.,Level 1,Level 1,No,No,Level 2,No,Yes,No
caf9d732-a551-48c3-8cda-ce6c9c27b906,Cycling,Commuter Cycling,,,Level 1,Level 1,No,Level 2,No,No,Yes,No
36353bac-315d-4b88-bcf3-3696c6f3b164,Cycling,Cyclo-Cross,,,Level 1,Level 1,No,Level 2,No,No,Yes,No
2a41c553-84be-4970-b3d0-42f9ef6bd9a4,Cycling,Road Cycling,,,Level 1,Level 1,No,Level 2,No,No,Yes,No
2d8eba85-af3d-4d8a-b92f-030d15b4885c,Cycling,Handcycling,,Handcycling involves cycling using the arms opposed to the legs.,Level 1,Level 1,No,No,Level 2,No,Yes,No
7a0af13b-23da-4ff1-9862-3734f3f55289,Cycling,Racing,,,Level 1,Level 1,No,Level 2,No,No,Yes,Yes
3428ded3-04ea-405d-88da-3bf2933ef66a,Cycling,Track Cycling,,,Level 1,Level 1,No,Level 2,No,No,Yes,No
6ca15167-51da-4d91-a1ae-8a45dc47b0ea,Dance,,,"Dance is an art form that generally refers to movement of the body, usually rhythmic and to music, used as a form of expression, social interaction or presented in a spiritual or performance setting.",Level 1,Level 1,Level 1,,,,Yes,
560624c2-d64c-462a-acc3-0e6d551069e7,Dance,African Dance,,,Level 1,Level 1,Level 1,No,No,Level 2,Yes,No
51e011a6-7e06-45c5-8ad9-ceaccc9ad1e4,Dance,American Smooth,,,Level 1,Level 1,Level 1,No,No,Level 2,Yes,No
aaffbbb4-1af5-4111-8677-2a2b464bbf48,Dance,Argentine Tango,,,Level 1,Level 1,Level 1,No,No,Level 2,Yes,No
ed8ad685-cd60-41d1-acd9-68a11f0f3c7b,Dance,Azonto,,,Level 1,Level 1,Level 1,No,No,Level 2,Yes,No
1ae7395a-27a7-4e33-9f6d-a1a6c17d0757,Dance,Ballet,,"Ballet is a classical dance form characterized by grace and precision of movement and by elaborate formal gestures, steps, and poses.",Level 1,Level 1,Level 1,No,Level 2,Level 2,Yes,No
40c3a315-1401-4c31-a5c1-994c59a98469,Dance,Ballroom And Latin,,Ballroom dancing is a couples dance where couples move to the music using step-patterns and rhythms that match the character of a given song.,Level 1,Level 1,Level 1,No,No,Level 2,Yes,No
24c7442b-19de-4cc5-90bf-91e943ebe81c,Dance,Belly Dance,,"Belly dancing is originally a solo, improvised dance involving torso articulation.",Level 1,Level 1,Level 1,No,No,Level 2,Yes,No
a9c4bd7d-a31c-4dee-bfe6-ca823b2e5bff,Dance,Bhangra,,,Level 1,Level 1,Level 1,No,No,Level 2,Yes,No
0969ddf0-16fa-4ea1-a4f8-d2aeefb46900,Dance,Bollywood,,,Level 1,Level 1,Level 1,No,No,Level 2,Yes,No
584c51fa-2485-4c01-b9c1-791a9c4d7c06,Dance,Bollywood Bhangra,,,Level 1,Level 1,Level 1,No,No,Level 2,Yes,No
6e5bbb26-4aa1-4ab7-947b-fa58687ab374,Dance,Break Dance,Breakdance,,Level 1,Level 1,Level 1,No,No,Level 2,Yes,No
6b0bb823-e720-4934-9a28-150523eefd54,Dance,Burlesque,,,Level 1,Level 1,Level 1,No,No,Level 2,Yes,No
89270ae0-9e0e-47af-97fa-8975d706701d,Dance,Burlesque Chair Dance,,,Level 1,Level 1,Level 1,No,No,Level 2,Yes,No
8662c76c-b73e-4429-af33-90a122064cf6,Dance,Capoeira,,"Capoeira is a Brazilian martial art that combines elements of dance, acrobatics and music.",Level 1,Level 1,Level 1,No,Level 2,Level 2,Yes,No
7ad8b8bf-ccc1-4346-8445-c930ff50272f,Dance,Carnival,,,Level 1,Level 1,Level 1,No,No,Level 2,Yes,No
bfb734f6-52a6-4751-940b-fd1ddced39ab,Dance,Ceroc,,,Level 1,Level 1,Level 1,No,No,Level 2,Yes,No
1f688be3-434c-4d91-9f5a-6ce45824f018,Dance,Cha-Cha-Cha,,,Level 1,Level 1,Level 1,No,No,Level 2,Yes,No
18ccf049-3c7d-46a5-b2ea-c6ce5a6e520f,Dance,Charleston,,,Level 1,Level 1,Level 1,No,No,Level 2,Yes,No
f173033c-12c5-44d2-99e6-7ace970892b8,Dance,Clubbercise,,"Clubbercise are choreographed dance fitness classes delivered in darkened rooms with disco lights and lasers, to 90's club anthems.",Level 1,Level 1,Level 1,No,Level 2,Level 2,Yes,No
8f39e848-ec7d-4472-b10e-d929060a0467,Dance,Commercial,,,Level 1,Level 1,Level 1,No,No,Level 2,Yes,No
19254731-5f47-4ec4-a137-6993a1af9c33,Dance,Contemporary,,,Level 1,Level 1,Level 1,No,No,Level 2,Yes,No
1375887d-41f3-442d-a9b0-847512d060a1,Dance,Country And Western,,,Level 1,Level 1,Level 1,No,No,Level 2,Yes,No
60021392-7242-413d-b842-cc79298d7268,Dance,Cultural Dances,,,Level 1,Level 1,Level 1,No,No,Level 2,Yes,No
bc18a355-c6af-4801-b673-053af9aa0422,Dance,Dancehall,,,Level 1,Level 1,Level 1,No,No,Level 2,Yes,No
b1a6bc86-c7b7-4d94-aaaa-28b22678ca21,Dance,Dance Sport,,,Level 1,Level 1,Level 1,No,No,Level 2,Yes,No
7cc3c73b-0756-4646-afbc-20f34f15f9ae,Dance,Diddi Dance,,,Level 1,Level 1,Level 1,No,No,Level 2,Yes,No
f12daba1-d1e4-49a5-831c-89d83c0cb1f4,Dance,Disco,,,Level 1,Level 1,Level 1,No,No,Level 2,Yes,No
07ba80dd-a7b6-4d4d-96e6-48aef4643a9a,Dance,Flamenco,,"Flamenco dance is a Spanish dance form characterised by hand clapping, percussive footwork, and intricate hand, arm and body movements.",Level 1,Level 1,Level 1,No,Level 2,Level 2,Yes,No
34cabe03-72b3-4539-ac52-e69a52393330,Dance,Folk Dance,Folk dancing,,Level 1,Level 1,Level 1,No,No,Level 2,Yes,Yes
4547052c-b656-4710-b6fc-9ecf9831ff0f,Dance,Foxtrot,,,Level 1,Level 1,Level 1,No,No,Level 2,Yes,No
e00f8c2f-092b-4dd3-ac1e-573c2c04d3db,Dance,Freestyle,,,Level 1,Level 1,Level 1,No,Level 2,Level 2,Yes,Yes
2679770b-f86d-40b5-82a9-59fb6b764d1f,Dance,Funk Styles,,,Level 1,Level 1,Level 1,No,No,Level 2,Yes,No
84272f30-a109-47bd-970b-e56dcb90c439,Dance,Generic,,,Level 1,Level 1,Level 1,No,No,Level 2,Yes,No
19f95881-d3e2-4d65-87aa-8362bebdb024,Dance,Hip Hop,,,Level 1,Level 1,Level 1,No,No,Level 2,Yes,No
52c0e52d-ac08-45f4-9327-18b6863a961c,Dance,Horton Technique,,,Level 1,Level 1,Level 1,No,No,Level 2,Yes,No
3a1c30fc-c02a-4632-b6bc-aaedb73e1582,Dance,House,,,Level 1,Level 1,Level 1,No,No,Level 2,Yes,No
0b254ccb-26bb-457c-ae68-ad6cb40b17ea,Dance,Irish Dancing,,,Level 1,Level 1,Level 1,No,No,Level 2,Yes,No
d3bdf357-14dc-4da1-af67-9c057eb2bd7a,Dance,Jazz,,,Level 1,Level 1,Level 1,No,No,Level 2,Yes,No
2aee03d2-800a-4c49-bf41-7a8d5dc0a1f4,Dance,Jive,,,Level 1,Level 1,Level 1,No,No,Level 2,Yes,No
bfab0fb7-85c3-4440-9e34-d4045b832aad,Dance,Jumpstyle,,,Level 1,Level 1,Level 1,No,No,Level 2,Yes,No
4440651f-a659-45ac-a28e-d68d3bae438f,Dance,Kathak,,,Level 1,Level 1,Level 1,No,No,Level 2,Yes,No
d1868552-5254-4b14-9204-d8bf24e4e403,Dance,Krump,,,Level 1,Level 1,Level 1,No,No,Level 2,Yes,No
516c71ac-829e-40cf-82f9-fafa8f30f856,Dance,Latin,,"Latin dancing consists of five dances: the Rumba, Cha Cha, Samba, Paso Doble' and the Jive.",Level 1,Level 1,Level 1,No,No,Level 2,Yes,Yes
2998a4ad-e206-4cf8-9f9d-8a36faa0bc88,Dance,Line Dancing,,,Level 1,Level 1,Level 1,Level 2,Level 2,Level 2,Yes,No
be59cf38-0a17-4dbf-9127-0445244b36fe,Dance,Locking,,,Level 1,Level 1,Level 1,No,No,Level 2,Yes,No
75bab9e3-a229-4125-a62f-552a4304b357,Dance,Lyrical,,,Level 1,Level 1,Level 1,No,No,Level 2,Yes,No
8a8354d9-8055-4830-ac4c-0997ca86dd51,Dance,Majorettes,,,Level 1,Level 1,Level 1,No,No,Level 2,Yes,No
b1b89ce8-9330-4bbb-b11d-104fc20014f9,Dance,Mambo,,,Level 1,Level 1,Level 1,No,No,Level 2,Yes,No
af66a0a0-4d1f-41a0-b6f3-4913cfb305c1,Dance,Merengue,,,Level 1,Level 1,Level 1,No,No,Level 2,Yes,No
7c23c208-a4da-42c5-a382-5bea008acd75,Dance,Morris Dancing,,,Level 1,Level 1,Level 1,No,No,Level 2,Yes,No
b3829f3e-a63e-455f-a51c-1f50ecf85ad5,Dance,Pachanga,,,Level 1,Level 1,Level 1,No,No,Level 2,Yes,No
feb1256b-104d-451e-bbbd-63a1f2ad69c0,Dance,Paso Doble,,,Level 1,Level 1,Level 1,No,No,Level 2,Yes,No
64506a93-7c5c-4c82-81fa-301b69644fb6,Dance,Pole Dancing,,,Level 1,Level 1,Level 1,No,No,Level 2,Yes,No
154d3567-7203-4977-b946-d3708a268590,Dance,Popping,,,Level 1,Level 1,Level 1,No,No,Level 2,Yes,No
b27dd072-924f-4394-b539-82b7837a1a56,Dance,Quickstep,,,Level 1,Level 1,Level 1,No,No,Level 2,Yes,No
ce759794-142e-43b8-8136-72bcbee1892e,Dance,Rumba,,,Level 1,Level 1,Level 1,No,No,Level 2,Yes,No
a454c7e6-52da-426d-9bd1-743e9d7d266d,Dance,Salsa,,Latin American style of dance with Cuban origins.,Level 1,Level 1,Level 1,No,No,Level 2,Yes,No
d9fa56b8-960a-4eac-b932-c6277106e174,Dance,Samba,,,Level 1,Level 1,Level 1,No,No,Level 2,Yes,No
906f392c-1f51-4ef3-83dd-99b387d5aa84,Dance,Scottish Dance,,,Level 1,Level 1,Level 1,No,No,Level 2,Yes,No
a8258191-c95e-4c7b-8ccb-2272bf6278a8,Dance,Street Cheer,,,Level 1,Level 1,Level 1,No,No,Level 2,Yes,No
85ddf0e4-115d-4c0b-9bca-4c3b4b635bb2,Dance,Street Dance,,,Level 1,Level 1,Level 1,Level 2,No,Level 2,Yes,No
b57b7cc8-3bf1-44a0-8cf6-3befb6b345e7,Dance,Street Dance Hip Hop,,,Level 1,Level 1,Level 1,No,No,Level 2,Yes,No
7aafc311-42f0-41e3-9891-b924e0645f8f,Dance,Street Step,,,Level 1,Level 1,Level 1,No,No,Level 2,Yes,No
3492077c-f460-46e9-a6e7-5cb2384a0345,Dance,Tango,,,Level 1,Level 1,Level 1,No,No,Level 2,Yes,No
a3245596-9505-4b4e-ac9e-db1b5e6732fb,Dance,Tap,,Tap dancing is a form of dance characterised by the sounds of tap shoes striking the floor as a form of percussion.,Level 1,Level 1,Level 1,No,No,Level 2,Yes,No
24ad6d76-f62b-49c6-b11b-2f7cf02a65d3,Dance,Urban,,,Level 1,Level 1,Level 1,No,No,Level 2,Yes,No
304ffd59-4389-4c7b-bcab-90f9dad8aaf5,Dance,Voguing,,,Level 1,Level 1,Level 1,No,No,Level 2,Yes,No
01f250d7-0a49-448e-a872-b3d51fe266c9,Dance,Waacking,,,Level 1,Level 1,Level 1,No,No,Level 2,Yes,No
001fbbe6-757f-4186-9e9f-2f180ca5a4a6,Dance,Waltz,,,Level 1,Level 1,Level 1,No,No,Level 2,Yes,No
376ac090-f1ba-49d6-87f5-e2640494798a,Dance,Wheelchair Dance Sport,Wheelchair Dancing,Wheelchair dance sport is a sport which involves athletes with a physical impairment that affects the lower limbs.,Level 1,Level 1,Level 1,No,No,Level 2,Yes,No
8f59fab3-ea66-401b-8e5b-4fdeab28e668,Dance,Wheelchair Ballroom Dancing,,,Level 1,Level 1,Level 1,Level 2,No,No,Yes,No
d3b5104a-2e31-4cca-a278-ef8e0987a764,Dance Fitness,,,,Level 2,No,Level 1,,,,No,
b976886d-d5f5-49c7-9502-008ab3d3d7a6,Dance Fitness,Azonto Beats,,,Level 2,No,Level 1,No,No,Level 2,No,No
d8f950b3-238d-406e-a33f-70a0fb6e8888,Dance Fitness,Ballestics,,,Level 2,No,Level 1,No,No,Level 2,No,No
c44e1f63-8925-4ec6-97a5-6719d751c69a,Dance Fitness,Ballet Fitness,,,Level 2,No,Level 1,No,No,Level 2,No,No
77127099-78be-4cbb-b1bc-8411b040abfb,Dance Fitness,Barreconcept,,"Incorporates pilates and yoga with the positions, moves and techniques of Ballet.",Level 2,No,Level 1,No,Level 1,Level 2,No,No
74f646fd-729a-40c6-9d55-655caaf0be72,Dance Fitness,Barrecore,,,Level 2,No,Level 1,No,No,Level 2,No,No
433cd2b6-d661-409a-a6c5-76f0a34bbb4c,Dance Fitness,Bellydance Fitness,,,Level 2,No,Level 1,No,No,Level 2,No,No
8112356e-fb65-41da-af16-92a77ab41318,Dance Fitness,Belrobics,,,Level 2,No,Level 1,No,No,Level 2,No,No
8091d1ac-4bb1-449c-9779-199c042fff90,Dance Fitness,Bhangracise,,,Level 2,No,Level 1,No,No,Level 2,No,No
6a3eece8-bca4-4159-a5de-094a0c10cf6a,Dance Fitness,Body Jam™,Body Jam,Body Jam is a choreographed dance workout,Level 2,No,Level 1,No,No,Level 2,No,No
00d8ae15-5e40-4d08-83f4-e0328fed8aab,Dance Fitness,Bokwa,,Bokwa participants draw letters and numbers with their feet while performing an energizing and addictive cardio workout routine.,Level 2,No,Level 1,No,Level 2,Level 2,No,No
a31c6b89-7794-4cc6-9a4f-3cc0e03b428f,Dance Fitness,Boogie Bounce,,Boogie Bounce is a 'fat burning' class on mini trampolines with stability handles.,Level 2,No,Level 1,No,Level 2,Level 2,No,No
3ab9ba4c-d0cd-4521-8c70-acbed5c3d5f0,Dance Fitness,Booiaka®,,Booiaka is a freestyle dance class meaning 'it's the way you move',Level 2,No,Level 1,No,No,Level 2,No,No
4ec24176-1e57-48d6-a4d4-afd56de2bc0d,Dance Fitness,Booty Barre,,,Level 2,No,Level 1,No,No,Level 2,No,No
a4b01c1f-0668-4e2b-853f-8bf393b208f1,Dance Fitness,Bounce Dancefit,,,Level 2,No,Level 1,No,No,Level 2,No,No
38bfaac1-8fdf-4b5d-b076-d53d681738ab,Dance Fitness,Burlesque Dance Fitness,,,Level 2,No,Level 1,No,No,Level 2,No,No
10c49f6c-ec59-41ac-9e41-4f4fb9035245,Dance Fitness,Burlexercise,,,Level 2,No,Level 1,No,No,Level 2,No,No
1749b17d-f802-4ae7-b164-346dc7b9e0dd,Dance Fitness,Chasamba®,,,Level 2,No,Level 1,No,No,Level 2,No,No
9e44e734-eb79-4522-a32a-e295a99b74aa,Dance Fitness,Cheer Dance,,,Level 2,No,Level 1,No,No,Level 2,No,No
0141d752-088f-4bab-99fa-9a3d61ee5cf9,Dance Fitness,Cheerleading,,,Level 2,No,Level 1,Level 1,Level 2,Level 2,No,No
a19e1921-57f4-4504-a6bd-240972116d59,Dance Fitness,Cheerobics®,,,Level 2,No,Level 1,No,No,Level 2,No,No
51555787-12cd-4b09-b1c7-e03415c47a4c,Dance Fitness,Chinese Movement & Dance,,,Level 2,No,Level 1,No,No,Level 2,No,No
f2c27c1e-a195-41a6-9f64-6c7bfe65fe66,Dance Fitness,Classic Nia,,,Level 2,No,Level 1,No,No,Level 2,No,No
ff29e6fa-bc3d-4b29-97eb-9ae0c970d0ae,Dance Fitness,Club Cardio,,,Level 2,No,Level 1,No,No,Level 2,No,No
55cc1b4d-6181-47d9-bd85-7f8a15ba6130,Dance Fitness,Clubbercise,,,Level 2,No,Level 1,No,Level 2,Level 2,No,No
05fe1f0c-71aa-4ae3-91db-e0edd9a34b06,Dance Fitness,Combi Dance Sport,,,Level 2,No,Level 1,No,No,Level 2,No,No
7a5bf6bb-e56d-41b9-8ebf-dd1d1a89455d,Dance Fitness,Cubatone,,,Level 2,No,Level 1,No,No,Level 2,No,No
6b176d87-b82b-4fab-aec1-6d6f94ba8e4c,Dance Fitness,Dance Aerobics,,,Level 2,No,Level 1,No,No,Level 2,No,No
88a50ef9-5740-4919-a7d9-4d921d0b1c16,Dance Fitness,Dance Moves,,,Level 2,No,Level 1,No,No,Level 2,No,No
b3dffab9-fb27-4dc2-9d1a-6279d6feb461,Dance Fitness,Dance Sport,,,Level 2,No,Level 1,No,No,Level 2,No,No
f0d6d771-12a0-48f6-8672-3f89148bc420,Dance Fitness,Dancercise,,,Level 2,No,Level 1,No,No,Level 2,No,No
2d58e4b0-c94c-4fe4-af5b-df9fada379fd,Dance Fitness,Ddmix,,,Level 2,No,Level 1,No,No,Level 2,No,No
5dcf53a8-8408-4298-b6f7-169aec0e5d0e,Dance Fitness,Divacise,,,Level 2,No,Level 1,No,No,Level 2,No,No
a7e6619b-056c-493a-8577-7183bfc089a1,Dance Fitness,Fierce,,,Level 2,No,Level 1,No,No,Level 2,No,No
18383130-20e1-4a19-980b-ef9c518c3b72,Dance Fitness,Fitness League,,Fitness League is used to deliver 'Bagot Stack' which is designed to improve posture and well-being through core stability and rhythmic exercise to music.,Level 2,No,Level 1,No,Level 2,Level 2,No,No
5fec7c88-47c6-4304-b6d7-730d47348d67,Dance Fitness,Fitsteps®,FitSteps,FitSteps was designed by Natalie Lowe and Ian Waite of â€˜Strictly Come Dancingâ€™ and delivers a mixture of Ballroom and Latin.,Level 2,No,Level 1,No,No,Level 2,No,No
2faf7812-4197-4215-a79f-0d8f5d909616,Dance Fitness,Flowetic®,,,Level 2,No,Level 1,No,No,Level 2,No,No
03f33259-16af-44d9-b37b-ce240a33ad3f,Dance Fitness,Freez,,,Level 2,No,Level 1,No,No,Level 2,No,No
284733f2-5d18-430a-8f1b-7889df665854,Dance Fitness,Generic,,,Level 2,No,Level 1,No,No,Level 2,No,No
88014533-76c8-49dd-ba7d-f7309b46a5af,Dance Fitness,Globe Fit,,,Level 2,No,Level 1,No,No,Level 2,No,No
c372c3bf-ec95-48d8-89c9-d9a2cc824709,Dance Fitness,Globe Fit Hoola,,,Level 2,No,Level 1,No,No,Level 2,No,No
64f6baac-a0b1-4072-9e33-c4a34e6d44f7,Dance Fitness,Groove Fx,,,Level 2,No,Level 1,No,No,Level 2,No,No
01e18a21-51d5-4779-9419-2843851816f9,Dance Fitness,Highland Hustle,,,Level 2,No,Level 1,No,No,Level 2,No,No
b3061d83-e2cc-4ddf-8179-1c4295e9ee54,Dance Fitness,Hoop Dance,,,Level 2,No,Level 1,No,No,Level 2,No,No
020e0782-66a4-4189-a939-4c55803438be,Dance Fitness,Hot Hula Fitness,,,Level 2,No,Level 1,No,No,Level 2,No,No
da4f03ab-1fee-42b5-9f80-0fa9e9c4cf97,Dance Fitness,Hula Fitness,,,Level 2,No,Level 1,No,No,Level 2,No,No
73f5b219-e6c2-4d58-bbf1-290307db5881,Dance Fitness,Hulacise,,,Level 2,No,Level 1,No,No,Level 2,No,No
3dc2148f-54c4-4482-b0fa-931822bdbd39,Dance Fitness,Jagua®,,,Level 2,No,Level 1,No,No,Level 2,No,No
57fbbb8f-f843-4c78-949e-9ff2485e74f3,Dance Fitness,Jazzercise,,Jazzercise classes combine dance-based cardio with strength training to music.,Level 2,No,Level 1,No,Level 2,Level 2,No,No
c2c0865a-4e87-4505-800b-afd315d74172,Dance Fitness,Just Jhoom!,,,Level 2,No,Level 1,No,No,Level 2,No,No
79c40dd8-24f7-4376-b30f-028002250da5,Dance Fitness,Kfa Body Moves,,,Level 2,No,Level 1,No,No,Level 2,No,No
bcf837e8-bf82-4100-8da5-a7e079db004f,Dance Fitness,Kfa Creative Moves,,,Level 2,No,Level 1,No,No,Level 2,No,No
4b70335d-c213-4dfe-a344-4aaeedc4ae69,Dance Fitness,Kfa Fit Moves,,,Level 2,No,Level 1,No,No,Level 2,No,No
1960f302-c1e4-44be-a066-a9ded5b2e0e6,Dance Fitness,Kfa Mature Moves,,,Level 2,No,Level 1,No,No,Level 2,No,No
f1733763-e6f2-4ec1-a7af-bac6879fdf15,Dance Fitness,Kfa Moves,,,Level 2,No,Level 1,No,No,Level 2,No,No
b23865cb-dd19-462f-ae4d-0a63a28fa7b3,Dance Fitness,Kfa Youth Moves,,,Level 2,No,Level 1,No,No,Level 2,No,No
f7e0c378-a100-49ea-a239-1a5fa062d5fb,Dance Fitness,Konga®,,,Level 2,No,Level 1,No,No,Level 2,No,No
4d569686-4971-4ea8-bda1-cd34bf17ba67,Dance Fitness,Mash It Up,,,Level 2,No,Level 1,No,No,Level 2,No,No
562ef2a8-0936-4cf5-8504-aff783fe0521,Dance Fitness,Medau Mature Moves,,,Level 2,No,Level 1,No,No,Level 2,No,No
52b5604b-9139-4235-be4a-6441c506605b,Dance Fitness,Medau Movement,,,Level 2,No,Level 1,No,No,Level 2,No,No
95875523-6fca-4eb6-b53e-9250e31bdb6a,Dance Fitness,Nia,,,Level 2,No,Level 1,No,No,Level 2,No,No
6ec422f3-0524-476b-aadf-7e67df46a63d,Dance Fitness,Party Fitness,,,Level 2,No,Level 1,No,No,Level 2,No,No
2cc156d8-0bee-4e38-bd84-89f41da6f9da,Dance Fitness,Pole Fitness,,"Pole dancing is a form of performance art and fitness, which combines dance and acrobatics centered on a vertical pole.",Level 2,No,Level 1,No,Level 2,Level 2,No,No
6837e64f-04d7-48c2-b99e-f36847f9e7b9,Dance Fitness,Popdance Active & Able,,,Level 2,No,Level 1,No,No,Level 2,No,No
71bf180d-d28c-4822-a7ee-25e97c7e4662,Dance Fitness,Popdance Adults,,,Level 2,No,Level 1,No,No,Level 2,No,No
9c39316e-6d6a-4101-9e88-c721d784fe20,Dance Fitness,Popdance Fit,,,Level 2,No,Level 1,No,No,Level 2,No,No
a1a27e85-f64b-44e7-98c9-efdb5be83a02,Dance Fitness,Popdance Kids,,,Level 2,No,Level 1,No,No,Level 2,No,No
97fb991a-50a7-488a-be64-4dc2759fc5d3,Dance Fitness,Popdance Teens,,,Level 2,No,Level 1,No,No,Level 2,No,No
df2f0608-7124-4833-8cc1-bbb5b9da34fe,Dance Fitness,Popdance Tots,,,Level 2,No,Level 1,No,No,Level 2,No,No
6bdea630-ad22-4e58-98a3-bca26ee3f1da,Dance Fitness,Rave Fitness,,,Level 2,No,Level 1,No,No,Level 2,No,No
221eeae9-f696-4b62-b065-556e9720c54b,Dance Fitness,Ravercise,,,Level 2,No,Level 1,Level 2,No,Level 2,No,No
28f78557-642e-405f-ba0e-eec50cfabf04,Dance Fitness,Salsa Aerobics,,,Level 2,No,Level 1,No,No,Level 2,No,No
a58a4e1b-ee15-437a-9d7e-de201b3daaf7,Dance Fitness,Shbam™,,,Level 2,No,Level 1,No,No,Level 2,No,No
f8483e8d-2976-4fa4-91b4-4d19b379802a,Dance Fitness,Sosa™,,,Level 2,No,Level 1,No,No,Level 2,No,No
2f590a5b-bb2e-40ad-ae15-5db383408ad8,Dance Fitness,Street Fit,,,Level 2,No,Level 1,No,No,Level 2,No,No
c5a0f002-17c0-42a2-9da3-a90b198a8a55,Dance Fitness,Street Step,,,Level 2,No,Level 1,No,No,Level 2,No,No
718dd868-54ad-4626-bb51-cf15019f62fc,Dance Fitness,Swing Train,,,Level 2,No,Level 1,No,No,Level 2,No,No
6490e361-ffde-44ff-b779-be7607297b44,Dance Fitness,Synergy®,,,Level 2,No,Level 1,No,No,Level 2,No,No
4aeecde4-1998-4ee9-9c27-01d2ff046c50,Dance Fitness,Tyga®,,,Level 2,No,Level 1,No,No,Level 2,No,No
cb43f105-1d34-4f68-8c04-a8522e987615,Dance Fitness,Veraflow,,,Level 2,No,Level 1,No,No,Level 2,No,No
706d50fc-4b14-419f-be56-c6a59fc9c5ef,Dance Fitness,Wheelchair Dance Sport,,,Level 2,No,Level 1,No,No,Level 2,No,No
c0d30b01-52fa-4b6b-a508-b51290173a1b,Dance Fitness,Yoga Rave,,,Level 2,No,Level 1,No,No,Level 2,No,No
de8cb1f4-176a-4744-9978-ae23a0089b64,Dance Fitness,Zumba Glow,,,Level 2,No,Level 1,No,No,Level 2,No,No
7d5a96a4-3539-4b76-a116-6fa05edb77f1,Dance Fitness,Zumba Sentao™,,,Level 2,No,Level 1,No,No,Level 2,No,No
78503fa2-ed24-4a80-a224-e2e94581d8a8,Dance Fitness,Zumba®,Zumba,,Level 2,No,Level 1,No,No,Level 2,No,No
7f4fffb6-f136-46e0-9fac-7142567b41b5,Dance Fitness,Zumba® Gold,,Zumba Gold® is designed for active older adults who are looking for a modified Zumba® class that recreates the original moves but at a lower-intensity.,Level 2,No,Level 1,No,No,Level 2,No,No
21ab8610-1377-4308-939c-bfeb966f1b05,Dance Fitness,Zumba® Kids,,Zumba® for kids,Level 2,No,Level 1,No,No,Level 2,No,No
bfe10990-df14-4252-8e96-296051478db7,Dance Fitness,Zumba® Kids Jr.,,,Level 2,No,Level 1,No,No,Level 2,No,No
f1ef142d-7607-46e5-9406-5e12ae0c00a7,Dance Fitness,Zumba® Step,,,Level 2,No,Level 1,No,No,Level 2,No,No
54706d22-5a4b-4298-97d3-8b19be20d47a,Dance Fitness,Zumba® Toning,,,Level 2,No,Level 1,No,No,Level 2,No,No
b008b1d5-9019-463e-9941-74bb34a9edfa,Darts,,,,Level 1,No,No,,,,Yes,
aafbe00d-e03e-4e5d-9612-c53c8b332d94,Diving,,,Diving is a sport where the diver jumps into a pool from a platform or springboard at a range of heights.,Level 1,Level 2,No,,,,Yes,
9cd1a9a0-0582-4166-bb69-d8f568f86e89,Diving,Platform Diving,,,Level 1,Level 2,No,Level 2,No,No,Yes,No
f38d52ca-3c19-4194-b115-1261b3491d44,Dodgeball,,,Dodgeball is a game in which players try to hit other players on the opposing team with balls while avoiding being hit themselves.,Level 1,Level 1,No,,,,Yes,
578efdf0-b09f-4035-88d8-a17db31e5d6e,Dragon Boat Racing,,,,Level 1,No,No,,,,Yes,
45a372d9-baca-4f6c-859f-04de3efae742,Equestrian,,Horse Riding,"Horse riding, or equestrian sport, refers to the skill of training and riding horses.",Level 1,Level 1,No,,,,Yes,
c07a722b-cf04-4942-84b9-df5e41de6d19,Equestrian,Dressage,Horse Riding,Dressage is a competitive equestrian sport,Level 1,Level 1,No,Level 2,Level 2,No,Yes,Yes
80f89d89-ec8f-4f2a-95a9-ad1059a9ba4e,Equestrian,Eventing,Horse Riding,"Eventing combines the three elements of Dressage, Show Jumping and Cross Country.",Level 1,Level 1,No,Level 2,Level 2,No,Yes,Yes
69178f7f-d8fb-447d-934e-50fffddfbd1f,Equestrian,Horse Racing,Horse Riding,,Level 1,Level 1,No,Level 1,No,No,Yes,No
15c92817-bb3b-4734-82ef-de09b8d33ca2,Equestrian,Pony Trekking,Horse Riding,Riding on a pony through the countryside,Level 1,Level 1,No,Level 2,Level 1,No,Yes,No
5a21f34d-86ae-49a2-bb71-1ce191e3a1b8,Equestrian,Show Jumping,Horse Riding,"Show jumping takes place over a course of obstacles, which can include verticals, spreads, double and triple combinations, usually with many turns and changes of direction.",Level 1,Level 1,No,Level 2,Level 2,No,Yes,Yes
a0014119-71aa-429a-b6ae-44d36f39dec7,Equestrian,Hacking,,,Level 1,Level 1,No,Level 2,No,No,Yes,No
87e79d1d-3a80-4d8b-9d37-67d3e45b6a8e,Equestrian,Harness Racing,,,Level 1,Level 1,No,Level 2,No,No,Yes,Yes
92206447-d68e-4e5e-9550-fe608cefb10c,Equestrian,Polocrosse,,,Level 1,Level 1,No,Level 2,No,No,Yes,Yes
159ec3f8-86cc-4a14-8a48-c619e40756bf,Equestrian,Schooling,,,Level 1,Level 1,No,Level 2,No,No,Yes,No
de71c5ea-e93e-49aa-808a-f4a2e68cdddd,Exercise machine,,,,Level 1,No,No,,,,No,
831ce34c-0218-48f5-8de4-54332e983b01,Exercise machine,Cross training machine,,,Level 1,No,No,Level 2,No,No,No,No
ab4c1a81-a7c5-4368-b254-a066d68b8662,Exercise machine,Exercise bike,,,Level 1,No,No,Level 2,No,No,No,No
0f31b611-d9a0-402d-a3c9-637ddcf02e43,Exercise machine,Resistance weights machines,,,Level 1,No,No,Level 2,No,No,No,No
f1536a01-4340-472e-99e8-312a58f06660,Exercise machine,Rowing machine,Indoor rowing,,Level 1,No,No,Level 2,No,No,No,No
23a62930-761a-4dd0-a54e-72e946904c43,Exercise machine,Step machine,,,Level 1,No,No,Level 2,No,No,No,No
45cd1e2e-b994-4b00-9cca-28bebb67aa24,Exercise machine,Treadmill,,,Level 1,No,No,Level 2,No,No,No,No
1c650bc5-a7a3-4f75-b318-47a394118588,Exercise machine,Running machine,,,Level 1,No,No,Level 2,No,No,No,No
92808e60-820c-4ee2-89ec-ea8d99d3f528,Fencing,,,"There are three types of fencing - epee, foils and sabre.",Level 1,Level 1,No,,,,Yes,
097723ea-70e3-41c6-a1b8-6d1e619d7154,Fencing,Wheelchair Fencing,,Wheelchair fencing is Fencing for the physically disabled.,Level 1,Level 1,No,No,Level 1,No,Yes,No
2003612f-c42e-4399-8056-0630d09492d2,Fives,,,,Level 1,No,No,,,,Yes,
518a008c-861d-4785-9716-2ba945d2b360,Fives,Eton,,,Level 1,No,No,No,No,No,Yes,Yes
5d528d2f-83df-482e-bfb9-fcaee5b85f4a,Fives,Rugby,,,Level 1,No,No,No,No,No,Yes,Yes
c76018ee-50a6-42b3-b0dd-a9efb56ae7ab,Floorball,,,Floorball is a type of floor hockey with five field players and a goalkeeper on each team.,Level 1,Level 1,No,,,,Yes,
0a5f732d-e806-4e51-ad40-0a7de0239c8c,Football,,,Football is widely considered to be the most popular sport in the world. The beautiful game is England's national sport,Level 1,Level 1,No,,,,Yes,
6016ce87-d9ed-4bd6-8cc9-5598c2f59f79,Football,Blind Football,,"While the core game remains the same as sighted football, there are a few alterations to make football accessible to people with visual impairments.",Level 1,Level 1,No,No,Level 2,No,Yes,No
1de4c90e-6a27-4bc4-a2be-437a443c7ded,Football,Futsal,,Futsal is the global format for indoor small-sided football and the worlds fastest growing indoor sport.,Level 1,Level 1,No,Level 1,Level 2,No,Yes,Yes
22fe3033-b0e4-4717-8455-599180b5bcba,Football,Small Sided Football,,,Level 1,Level 1,No,Level 2,No,No,Yes,No
b8019b67-2ade-406f-a012-91a5c3869652,Football,Walking Football,,Walking football is a variant of football that is aimed at keeping people aged over-50 involved with football.,Level 1,Level 1,No,Level 2,Level 2,No,Yes,No
f6301564-93d5-41ff-91a1-7ac2dd833951,Football,Powerchair Football,,Powerchair is a competitive team sport for people with disabilities who use power wheelchairs.,Level 1,Level 1,No,No,Level 2,No,Yes,No
666cf454-4733-4697-89cb-8e28f6e8595b,Football,Wheelchair Football,,,Level 1,Level 1,No,No,Level 1,No,Yes,No
4ba72fbb-fc08-4f3e-b779-342be690bc1c,Footgolf,,,Footgolf is played on a golf course using a size 5 football.,No,Level 1,No,,,,No,
f5cb51c4-bf16-47a7-b149-d9463704cb42,Gaelic Games,,,,No,No,No,,,,Yes,
4d42c46a-d023-476b-a24b-0c4a99ae6be4,Gaelic Games,Gaelic Handball,,,No,No,No,No,No,No,Yes,No
1f820c4a-0388-4e95-a767-0daf0cc11573,Gaelic Games,Hurling,,,No,No,No,Level 1,No,No,Yes,Yes
bb481220-a155-49fd-9b9d-21884dcb6070,Gaelic Games,Gaelic Football,,Gaelic Football is a combination of rugby and football.,No,No,No,Level 1,Level 2,No,Yes,No
5b880e93-4a16-4c37-86ac-ba2ffba68358,Gardening,,,,Level 1,Level 1,No,,,,No,
05ac6c7c-1479-43cc-9985-4119f1d8fce0,Geocaching,,,"Geocaching is the real-world treasure hunt that's happening right now, all around you. There are 2,775,063 active geocaches and over 15 million geocachers worldwide.",No,Level 1,No,,,,No,
ee4d8ab0-524d-49b4-bf02-b5f6fc0fdc5c,Gliding,,,Gliding involves flying in an engine-less aircraft,Level 1,Level 1,No,,,,Yes,
51ead1ae-5d80-41ba-931a-42df1a100cf2,Gliding,Hang Gliding,,,Level 1,Level 1,No,Level 2,No,No,Yes,No
8395e45d-6bc4-4b76-8590-25839a63cc6c,Gliding,Para Gliding,,,Level 1,Level 1,No,Level 2,No,No,Yes,No
59d547bb-0d3b-40a8-b9c6-6d6f33e1e16b,Goalball,,,The object of the game is to score a goal by bowling the ball along the floor so that it crosses the goal line of the opposing team.,Level 1,Level 1,No,,,,Yes,
7ae6067a-07f7-4aea-9e1f-eeeea5ae9047,Golf,,,"Golf is an adaptable game that it suits everyone, whatever their age, fitness level or ability. Whether you want to keep healthy, burn calories or spend time with friends, golf is for you.",Level 1,Level 1,No,,,,Yes,
eaa5efed-f7d3-40b3-8f6e-1951c2a09a65,Golf,Adventure Golf,Crazy Golf,,Level 1,Level 1,No,Level 2,No,No,Yes,No
920c6d6b-a912-43bb-ae3c-0378b8ca0855,Golf,Driving Range,,,Level 1,Level 1,No,Level 2,No,No,Yes,No
e2dfac8f-9b4f-4dfb-980f-b0d8f1ed5333,Golf,Full Course Golf,,,Level 1,Level 1,No,Level 2,No,No,Yes,No
c26bb4b7-060d-4f73-b4c1-9749f078def1,Golf,Golf Xtreme,,Golf Xtreme is the golf game and programme for secondary schools,Level 1,Level 1,No,No,Level 2,No,Yes,No
dba4de0f-b94d-4aff-bda1-46c20f8dfff0,Golf,Pitch And Putt,Putting,,Level 1,Level 1,No,Level 2,No,No,Yes,No
ff6d2caa-ee67-4b79-a3bd-0b497e31b0f7,Golf,Short Course Golf,,,Level 1,Level 1,No,Level 2,No,No,Yes,No
858d08bb-6f3d-477d-8a96-8df275a7d7d8,Golf,Speedgolf,,"Speedgolf is a fun, fast, and fitness-oriented alternative to traditional golf.",Level 1,Level 1,No,No,Level 2,No,Yes,No
62c96301-5aa3-4cef-bf68-8420d7a91755,Golf,Texas Scramble Golf,,Variation of golf that involves playing as a team.,Level 1,Level 1,No,No,Level 2,No,Yes,No
7be1393f-6b55-4d00-818f-ed58c9ea81bc,Golf,Tri-Golf,,"A 'mini' version of golf designed specifically for young children at infant, primary and junior schools.",Level 1,Level 1,No,No,Level 2,No,Yes,No
f6ccded0-2666-4a51-88a4-ed6905bb4313,Gymnastics,,,"Gymnastics is an acrobatic sport which requires strength, agility and co-ordination.",Level 1,Level 1,No,,,,Yes,
864e81a0-77fc-4e23-af9d-240ec3fcc56b,Gymnastics,Artistic Gymnastics,,Artistic gymnastics is a discipline of gymnastics where gymnasts perform short routines on different apparatus,Level 1,Level 1,No,No,Level 2,No,Yes,No
e0e18bd1-00e7-4cab-9752-368d455201cd,Gymnastics,Rhythmic Gymnastics,,Rhythmic Gymnastics discipline within Gymnastics,Level 1,Level 1,No,No,Level 2,No,Yes,No
14232d6d-5e9d-493d-b4a9-ce2061b79ba5,Handball,,,Handball is a team sport that requires you to score by throwing a ball into a goal.,Level 1,Level 1,No,,,,Yes,
01792ac1-4111-4814-9942-cb8a7f9c58c2,Highland Games,,,,Level 1,No,No,,,,Yes,
512ee498-f70d-466d-a11b-7940322de3d6,Highland Games,Caber toss,,,Level 1,No,No,Level 2,No,No,Yes,No
8a1fd08b-d1a7-44fa-9b7e-6db43e3a9f45,Highland Games,Scottish Hammer throw,,,Level 1,No,No,Level 2,No,No,Yes,No
5d01e863-5273-43cf-b854-709261cd3694,Highland Games,Sheaf toss,,,Level 1,No,No,Level 2,No,No,Yes,No
bcfb61fb-2756-44ac-a69c-742b62303bc1,Highland Games,Stone put,,,Level 1,No,No,Level 2,No,No,Yes,No
569414aa-290f-4f84-afd6-8ad7a5c27377,Highland Games,Weight over the bar,,,Level 1,No,No,Level 2,No,No,Yes,No
700989ef-a6d2-492c-a3c8-d028f08d8eba,Highland Games,Weight throw,,,Level 1,No,No,Level 2,No,No,Yes,No
fbb36017-6222-4af2-8186-392e3da0a418,Hockey,,,"Team, ball game played with sticks.",Level 1,Level 1,No,,,,Yes,
a66168d3-5b36-4a14-8e13-4cd9e914cb8f,Hockey,Field Hockey,,,Level 1,Level 1,No,Level 2,No,No,Yes,No
594e5805-3a5c-4c60-80fc-c0a28eb64a06,Holistic Classes,,,,No,No,No,,,,No,
1a8e23f3-5e12-411f-99fc-a4fe98010f7d,Holistic Classes,Ashtanga Yoga,,Ashtanga is an advanced form of yoga that focuses on building strength and flexibility through flow sequenced postures.,No,No,No,Level 2,Level 2,Level 2,No,No
a7f3179d-1640-4621-96d7-92e620a5e3a8,Holistic Classes,Bikram Yoga,,,No,No,No,Level 2,No,Level 2,No,No
b6402e8e-e405-4b97-8c76-4868324bc907,Holistic Classes,Bodybalance™,Body balance,"BODY BALANCEâ„¢ is a combination workout of Yoga, Tai Chi and Pilates.",No,No,No,No,No,Level 2,No,No
bb2598e9-9b4f-49e1-8463-c6e1312b36b4,Holistic Classes,Chi Kung,,,No,No,No,No,No,Level 2,No,No
2908ef3f-ba30-47a1-9333-f80dbb6f7b8f,Holistic Classes,Chiball,,,No,No,No,No,No,Level 2,No,No
fc2308ff-aae7-46c9-83e3-d857dd641ad1,Holistic Classes,Flexaware,,,No,No,No,No,No,Level 2,No,No
90611f8f-fea2-402e-827f-41b487a5f3a0,Holistic Classes,Hatha Yoga,,Hatha Yoga stretches are referred to as 'postures' that are performed slowly and gently rather than energetically and is suitable for all levels.,No,No,No,No,Level 2,Level 2,No,No
431d5bfd-7ffc-4324-bc69-1c039c7008e1,Holistic Classes,Iyengar Yoga,,,No,No,No,No,No,Level 2,No,No
abe7a21d-1dfe-4d5e-9007-a4e09f1970b0,Holistic Classes,Jukari Fit To Flex,,,No,No,No,No,No,Level 2,No,No
11b06df1-ccf5-4176-b1be-b4c39c5377c7,Holistic Classes,Lishi,,,No,No,No,No,No,Level 2,No,No
0c2a1e6b-4b02-4b8a-ae6d-59f225ff5341,Holistic Classes,Meditation,,,No,No,No,No,No,Level 2,No,No
72ab185f-cd57-44da-a310-753fd2646d40,Holistic Classes,Nova,,,No,No,No,No,No,Level 2,No,No
3a6b1c08-7aa6-48d4-9690-dca9e0133057,Holistic Classes,Pilates,,"Pilates improves flexibility, builds strength and develops control and endurance in the body.",No,No,No,Level 1,Level 1,Level 2,No,No
675f5977-68a3-433a-9bb5-20278bd94e0c,Holistic Classes,Piyo®,,,No,No,No,No,No,Level 2,No,No
c5e5beaf-0af7-4f43-a28f-6f4ef0e6da92,Holistic Classes,Qigong,,"Qigong practices can be classified as martial, medical, or spiritual.",No,No,No,No,Level 1,No,No,Yes
ed91a872-e006-424d-9e94-a0d7bdec5df9,Holistic Classes,Stretch And Tone,,,No,No,No,No,No,Level 2,No,No
da71f513-a3b3-44f5-8268-c45f92fdcd55,Holistic Classes,Stretch Class,,,No,No,No,No,No,Level 2,No,No
c16df6ed-a4a0-4275-a8c3-1c8cff56856f,Holistic Classes,Tai Chi,,Tai chi combines deep breathing and relaxation with slow and gentle movements.,No,No,No,Level 1,Level 1,Level 2,No,No
97d38fa5-70bd-4c69-acc9-e08c885aab7b,Holistic Classes,Trigger Point,,,No,No,No,No,No,Level 2,No,No
bf1a5e00-cdcf-465d-8c5a-6f57040b7f7e,Holistic Classes,Yoga,,"Yoga is an ancient form of exercise that focuses on strength, flexibility and breathing to boost physical and mental wellbeing.",No,No,No,Level 1,Level 1,Level 2,No,Yes
e94cfd93-802d-49d9-8f47-190a385ade1c,Holistic Classes,Yogalates™,,,No,No,No,No,No,Level 2,No,No
102dc002-f755-4b79-8484-562c45391d8e,Hovering,,Hover Boarding,,Level 1,No,No,,,,No,
9c1e407a-6635-4e8c-b36d-b3c20e982e16,Horseball,,,,No,Level 1,No,,,,Yes,
d82e1366-afab-4c87-b94e-6b5372733b13,Ice Hockey,,,A six-a-side game on ice that involves trying to get the puck in your opponents net using your stick.,Level 1,Level 1,No,,,,Yes,
0b276929-8b33-4807-9f5e-687c8bb2c2f9,Ice Skating,,,Ice skating involves dancing or racing on ice.,Level 1,Level 1,No,,,,Yes,
ac029612-6f4a-45fe-b446-cbec44efadd2,Ice Skating,Figure Skating,Artistic skating,"Figure skating involves performing on ice as an individual, duo or in a group.",Level 1,Level 1,No,No,Level 2,No,Yes,No
7e78f18b-e0b6-4196-a0f7-5bb0f1a87962,Ice Skating,Speed Skating,,Speed skating involves skating round a circuit as fast as possible to win the race.,Level 1,Level 1,No,Level 2,Level 2,No,Yes,No
c07d63a0-8eb9-4602-8bcc-23be6deb8f83,Jet Skiing,,,,Level 1,No,No,,,,No,
75f342fd-a42a-4c64-b583-c08a43ff4c94,Ju-Jitsu,,,A defensive martial art.,Level 1,Level 1,No,,,,No,
1653aaaf-cb1e-4611-b45e-95a32d4a7db5,Judo,,,Judo is an dynamic combat sport represented in the Olympics.,Level 1,Level 1,No,,,,Yes,
7721dfe3-924f-4d15-b5f3-2fe09cd08279,Kabaddi,,,,Level 1,No,No,,,,Yes,
50e6f8dc-59a8-4899-af75-7ac344a85a06,Karate,,,Karate is a striking martial art,Level 1,Level 1,No,,,,Yes,
23f49068-d508-4f7e-9f83-09878f9fb4f8,Karting,,,,Level 1,No,No,,,,Yes,
598ceb23-216c-4f8a-9a7a-0eef6e3a4ae8,Kayaking,,,In all forms of kayaking you use a double bladed paddle and will be in a seated position with your legs in front of you.,Level 1,Level 1,No,,,,No,
a9e57033-47f4-4247-af62-15fbbc8d0628,Kendo,,,,Level 1,Level 1,No,,,,Yes,
6901af47-aed9-45e4-8d9f-fc71199a64df,Kickboxing,,,Kickboxing is a martial art that predominately involves kicking.,No,Level 1,Level 2,,,,No,
864619d9-0b10-4860-97cc-c31de79b2347,Kite Surfing,,,,Level 1,No,No,,,,Yes,
657aa7cf-d879-498d-93c2-f762ffaac5e9,Kobudo,,,Kobudo is a multi-weapon martial art.,No,Level 1,No,,,,No,
43d4bed6-f379-4a0d-9d29-e834c7ad759e,Korfball,,,Korfball is a fast-paced and dynamic game that is the only truly mixed team ball sport in the world.,Level 1,Level 1,No,,,,Yes,
6fd10510-8569-4759-b876-58d51c2e5c0b,Krav Maga,,,,No,Level 1,No,,,,No,
831828a2-b7de-4a6a-81dd-0bec66ba1163,Kung Fu,,Gongfu,Kung Fu is a Chinese Martial Art used for self-defense.,Level 1,Level 1,No,,,,Yes,
a6aa92a5-fd6f-42a0-a4c0-788410c68db0,Lacrosse,,,"Lacrosse is a team game where goals are scored by shooting a ball into a net, using a stick with a pocket on the end, called a crosse.",Level 1,Level 1,No,,,,Yes,
879a76f4-4403-45d1-9fa3-76f387407787,Land Sailing,,Land Yachting,,Level 1,No,No,,,,No,
73c73572-f86d-4ecf-b0c0-2f442cf15e19,Land Sailing,Sand Yachting,,,Level 1,No,No,Level 2,No,No,No,No
645a7c05-799a-4f43-8920-261eb11cf1f1,Lifesaving Sport,,"Life-saving, Surf Life Saving",Lifesaving Sport is a competitive sport that gives you the opportunity to compete with fellow lifesavers and grow your essential lifesaving skills.,No,Level 1,No,,,,No,
6e50edf5-250e-4704-adad-7d8192b58555,Luge,,,,Level 1,No,No,,,,Yes,
38fb5265-2234-4499-b930-ee6d132f72d8,Mixed Martial Arts,,MMA,Mixed Martial Arts is a full-contact combat sport,No,Level 1,No,,,,No,
ae5a96a7-b4a6-417b-b0f6-7e863bae02de,Modern Pentathlon,,,Modern Pentathlon is a multi-discipline sport,Level 1,Level 1,No,,,,Yes,
41cab644-c5c3-4029-96fe-0ebe658c15c3,Motor Sport,,"Motor Racing, Motor Cruising",Motorsport is a group of motorised racing sports.,No,Level 1,No,,,,No,
fa7229ad-8aa1-4a02-b8aa-c19ba2ebdc34,Motor Sport,Motor Cycling,"Motorcycle racing,Motorbike racing",,No,Level 1,No,Level 1,No,No,No,Yes
cdf2c689-1d5c-4b09-b155-9887e468bf1b,Motor Sport,Speedway,Speed way,"Speedway bikes have no brakes, just one gear, a clutch and 500cc engines which run on methanol fuel",No,Level 1,No,No,Level 1,No,No,Yes
8302ec84-3d0b-44cb-b622-254596d37086,Mountain Biking,,,Mountain biking involves cycling off road.,Level 2,Level 2,No,,,,Yes,
5fba2a76-07ee-4f99-b243-018245b0200d,Mountaineering,,,A combination of hill walking and scrambling to climb a mountain,Level 1,Level 1,No,,,,Yes,
a570d2bd-f6e3-4838-9c7f-cb5c458dcd19,Muay Thai,,,Muay Thai is a form of martial arts and orginates from Thailand.,Level 1,Level 1,No,,,,No,
261395e5-9e11-4348-8bef-e0fafef0e765,Multi Fitness,,,,No,No,Level 1,,,,No,
6971ba4b-60e9-4f94-b11f-1f6436a88451,Multi Fitness,Block Fit,,,No,No,Level 1,No,No,Level 2,No,No
bc11138d-741a-4eff-aca0-a72f579ec037,Multi Fitness,BODY VIVE®,,,No,No,Level 1,No,No,Level 2,No,No
fe3465a2-3a1e-458e-a48b-fc117350e5a7,Multi Fitness,Bootcamp,,,No,No,Level 1,Level 1,No,Level 2,No,No
31853d3e-0583-43b1-a8b4-867d9ed85e97,Multi Fitness,British Military Fitness,,,No,No,Level 1,No,No,Level 2,No,No
d22d1d7d-8a2f-4e18-88c8-80abcbdded9d,Multi Fitness,Circuit Training,,,No,No,Level 1,Level 1,Level 1,Level 2,No,No
09ed21f1-c969-434d-8866-7ff5c8b83ef9,Multi Fitness,Cross Fit,,,No,No,Level 1,No,No,Level 2,No,No
aff38834-4a9c-4ec3-b7e4-7089126b6498,Multi Fitness,Hour of Power,,,No,No,Level 1,No,No,Level 2,No,No
7231ae66-c9f4-4e1a-9bab-e454323c0b35,Multi Fitness,Interval Training,,,No,No,Level 1,No,No,Level 2,No,No
22ca9f17-edda-4425-b905-3867e19d4873,Multi Fitness,Personal Training,,,No,No,Level 1,No,No,Level 2,No,No
0771fcb2-b5f7-4247-8d54-90648c839d46,Multi Fitness,Piloxing,,,No,No,Level 1,No,No,Level 2,No,No
50757d48-19b8-4121-a8a8-25c16b33e567,Multi Fitness,PiYo®,,,No,No,Level 1,No,No,Level 2,No,No
f582e0e9-459b-4425-b8c7-e7f03e4d92fb,Multi Fitness,Yoga Rave,,,No,No,Level 1,No,No,Level 2,No,No
377ea9ea-656f-4d7f-8cba-034e30572c72,Multi Fitness,Zumba Strong®,,,No,No,Level 1,No,No,Level 2,No,No
fbdc35a8-3dd0-40ee-a7ca-6ff40b3e5f90,Netball,,,Netball is a team game which involves shooting a ball through a hoop,Level 1,Level 1,No,,,,Yes,
704a7e7f-8a3b-411f-8c9e-175815eaddaf,Ninjutsu,,,Ninjitsu is the ancient art of the ninja shadow warriors of Japan.,No,Level 1,No,,,,No,
5ce47e82-8db6-4610-b8d1-9ba407a8f2af,Obstacle Course Racing,,,,Level 1,No,No,,,,No,
de9d4baf-b19e-4cb3-a7fc-c9ea9c83ac88,Octopush,,Underwater Hockey,Octopush is underwater hockey,Level 1,Level 1,No,,,,No,
b2d5619e-56a7-4c40-b691-7f946f6ff5df,Orienteering,,,Orienteering is a challenging outdoor adventure sport,Level 1,Level 1,No,,,,Yes,
74d78e37-1a40-4856-8dcb-db356e1b8b4c,Parachuting,,,,Level 1,No,No,,,,Yes,
293f2c7f-19fd-4db1-921c-e37867ae9839,Parkour,,Free Running,"Parkour / Freerunning / Art du Deplacement is the non-competitive physical discipline of training to move freely over and through any terrain using only the abilities of the body, principally through running, jumping, climbing and quadrupedal movement.",Level 1,Level 1,No,,,,No,
fc435509-332a-41db-b204-0da4153cf4f6,Petanque,,,Pétanque is a form of boules normally played on hard dirt or gravel,Level 1,Level 1,No,,,,Yes,
94bd797c-839b-4aa6-a717-c6465832c854,Paintball,,,,No,Level 1,No,,,,No,
d354b58e-0c97-47c8-92cb-937b91d56eef,Pickleball,,,"A paddle sport created for all ages and skill levels. The rules are simple and the game is easy for beginners to learn, but can develop into a quick, fast-paced, competitive game for experienced players.",No,Level 1,No,,,,No,
7c025ef0-a1a5-4783-9e74-0eedbc7e2983,Polo,,,Equestrian team sport.,Level 1,Level 2,No,,,,Yes,
b6dfca91-022a-4880-aec8-47962e077a1f,Polocrosse,,,,Level 2,No,No,,,,Yes,
e59508cf-67d1-4364-9cc4-e866f1f51405,Polybat,,,"Polybat endeavours to provide youngsters with more severe impairments, who cannot play recreational table tennis, with a suitable bat/ball net type game (with the net removed).",No,Level 2,No,,,,No,
16640aee-2d2e-41c9-92e2-175f605d308f,Powerkiting,,,,No,Level 1,No,,,,No,
76f7d884-ca72-4005-a5cb-47cc00649c7c,Quoits,,,,Level 1,No,No,,,,Yes,
32225241-1c8c-4ba3-b540-22b710433c18,Racketball,,,Racketball is played on any regular squash court and is similar to squash.,Level 1,Level 1,No,,,,Yes,
f508fd6d-26ea-4004-b489-6ae1fadb14e4,Rafting,,,,Level 1,No,No,,,,No,
2ba0661d-fd28-479d-b00c-d48264330c68,Rafting,White Water Rafting,,White water rafting is a sport which uses an inflatable raft to navigate a rough river with a team steered by a tour guide at the stern.,Level 1,No,No,Level 2,Level 2,No,No,No
3cdf195b-a971-4dfa-9602-c2c24da2100c,Rafting,Wild Water Rafting,,,Level 1,No,No,Level 2,No,No,No,No
ef19cbfc-1e0a-4d1e-9a63-cec70474d322,Real Tennis,,,,Level 1,No,No,,,,Yes,
c73c51cd-bf1f-4f96-b16a-c06bcfabd844,Roller Derby,,,Roller Derby is an all-girl contact sports.,Level 1,Level 1,No,,,,Yes,
f2b21bb0-07a1-4333-9ae3-bd8d089c9490,Roller Hockey,,,"Roller hockey is a form of hockey played on a dry surface using roller skates, skates with wheels.",Level 1,Level 2,No,,,,Yes,
7e5cb3ee-8c91-4f85-8c97-e335e0013eb3,Roller Blading,,"Rollerskating, Rollerblading, Roller Skating",Travelling using skates with wheels.,Level 1,No,No,,,,No,
36a18949-a10f-4161-9ac0-2fb7ae7f250f,Rollerskiing,,,"Roller skiing is an off-snow equivalent to cross-country skiing that takes place on smooth surfaces such as paths in parks, safe roads and cycle tracks.",No,Level 1,No,,,,No,
212e6f20-e6f7-4724-96dc-b5a51f913380,Rounders,,,"The sport of Rounders is a fun, exciting, striking and fielding team game, where points known as 'Rounders' are scored by a player hitting a ball and then completing a circuit of the track.",Level 1,Level 1,No,,,,Yes,
d2733a1c-662c-427a-a270-400171c07320,Rowing,,,"Rowing can be either recreational or competitive, indoor or outdoor.",Level 1,Level 1,No,,,,Yes,
a7f0a364-a496-4446-aec6-594a629353b3,Rugby League,,,"Rugby league is a full contact game, played by two teams of 13 players.",Level 1,Level 1,No,,,,Yes,
31d6ca75-4844-4899-8da7-a61ca9d10c5f,Rugby League,Tag Rugby League,,,Level 1,Level 1,No,Level 2,No,No,Yes,No
9e143963-8f17-41ab-8915-3828c5a9ddae,Rugby Union,,,Rugby union is a contact sport where aim is to use the ball to score more points than the other team.,Level 1,Level 1,No,,,,Yes,
d82e0c3c-4c91-4da9-9b2d-05915c6d8965,Rugby Union,Rugby Sevens,,,Level 1,Level 1,No,Level 2,No,No,Yes,No
ddea86a8-e3c5-4a95-adea-9ec2c909bdba,Rugby Union,Tag Rugby Union,,,Level 1,Level 1,No,Level 2,No,No,Yes,No
71b5aaaa-72d7-43c5-82d8-3157021e7cb6,Rugby Union,Touch Rugby League,,,Level 1,Level 1,No,Level 2,No,No,Yes,No
dc8b8b2b-0a83-403f-863a-4ec05ebb2410,Rugby Union,Touch Rugby Union,Touch Rugby,"Touch rugby differs from rugby through the method of tackling which involves touching the opponents using their hands on any part of the body, clothing, or the ball.",Level 1,Level 1,No,Level 2,No,No,Yes,No
72ddb2dc-7d75-424e-880a-d90eabe91381,Running,,,Running is a form of exercise that can be done at anytime and anywhere.,Level 1,Level 1,No,,,,No,
90346371-03e3-47c8-a25d-07e976b4a4c8,Running,Fell Running,,,Level 1,Level 1,No,Level 2,No,No,No,No
6bb8b844-df3e-4cae-bf5f-3e129c6b1a9d,Sailing,,Yachting,"Sailing and windsurfing are two great sports for getting you active and energetic, outside in the fresh air.",Level 1,Level 1,No,,,,Yes,
d440bf42-cdf0-4cc5-a61e-128625532648,Sailing,Sailability,,Sailing is one of the very few sports in which able-bodied sailors and disabled sailors can participate on equal terms.,Level 1,Level 1,No,No,Level 2,No,Yes,No
72fa98e5-9129-4c7a-b4f3-f5cec788b719,Sailing,Powerboating,,,Level 1,Level 1,No,Level 2,No,No,Yes,Yes
6c1fed1c-7576-4b04-acfd-ca1d1cac6707,Scuba Diving,,Sub Aqua,Scuba diving is a form of underwater diving in which a diver uses a self-contained underwater breathing apparatus (scuba) to breathe underwater.,Level 1,Level 1,No,,,,No,
d279360d-4c00-42c0-816e-be361ce5cd19,Shinty,,,,Level 1,No,No,,,,Yes,
36359d6f-33ab-44c3-80c0-4076b57c9fed,Shooting,,,"Target shooting today is a popular sport, comprising over 41 different disciplines across 3 main categories (Fullbore Rifle & Pistol, Small-bore Rifle & Pistol, and Shotgun)",Level 1,Level 1,No,,,,Yes,
0a9e77ca-ef73-4221-abd9-c3d1485d6ec6,Shooting,Clay Pigeon,,Clay pigeon shooting is the art of shooting at special flying targets with a shotgun.,Level 1,Level 1,No,Level 2,No,No,Yes,No
c62b4571-d717-47a8-978a-453a175e049e,Shooting,Clay Target,Clay Target Shooting,,Level 1,Level 1,No,Level 2,No,No,Yes,Yes
f1d9b809-d7fd-4c9b-9e16-c9b090377521,Shooting,Air,,,Level 1,Level 1,No,Level 2,No,No,Yes,No
a202df8a-a1b1-46c3-bdd8-4e72e4f6ec1e,Shooting,Airgun,,,Level 1,Level 1,No,Level 2,No,No,Yes,No
3c6a077b-da02-4519-aa87-b2a114669f56,Shooting,Crossbow,,,Level 1,Level 1,No,Level 2,No,No,Yes,No
b9f1a766-fdb8-4bb4-9a9d-b86317b20819,Shooting,Muzzle loading,,,Level 1,Level 1,No,Level 2,No,No,Yes,No
b4eeb751-9e31-4308-9296-1c7965fbef40,Shooting,Pistol,,,Level 1,Level 1,No,Level 2,No,No,Yes,Yes
d1bee9bf-b637-4e7a-bb73-1425047744fe,Shooting,Rifle,,,Level 1,Level 1,No,Level 2,No,No,Yes,Yes
a653dcda-a3b4-4a68-9d00-87b0b4335c66,Shooting,Shotgun,,,Level 1,Level 1,No,Level 2,No,No,Yes,No
1f6438b9-d1da-46b3-aa6d-3cd140391567,Shooting,Target Shooting,,,Level 1,Level 1,No,No,No,No,Yes,No
50feff1b-790f-4f0f-9c07-0314557897c4,Skateboarding,,,Skateboarding is an action sport which involves riding and performing tricks using a skateboard.,Level 1,Level 1,No,,,,Yes,
eed5e947-6e67-44e8-a0c0-c5c640e1edbe,Skeleton Racing,,,,Level 1,No,No,,,,No,
3a25e627-27b4-4f2b-ae93-4caf8278b02c,Skiing,,,"Skiing is a popular sport that takes place on snow, artificial surfaces and more recently, on indoor artificial snow slopes. It can be undertaken as a leisure activity or competitive sport and is suitable for most ages.",Level 1,Level 1,No,,,,Yes,
5ab8e88a-fbec-4ff7-b878-dff1ca0ba841,Skiing,Alpine Ski Racing,,,Level 1,Level 1,No,No,Level 2,No,Yes,No
f21b5af1-e230-47d4-a58a-858caee30691,Skiing,Alpine Skiing,,,Level 1,Level 1,No,Level 2,No,No,Yes,No
f9b01e23-68b4-4a60-a2d3-2efcd248ba7c,Skiing,Cross Country Skiing,,,Level 1,Level 1,No,Level 2,No,No,Yes,No
9bb258e2-57f2-423e-8dd8-a3796df1cfd1,Skiing,Nordic Skiing,,,Level 1,Level 1,No,Level 2,No,No,Yes,No
84cfc236-7934-4668-9206-dbd753254a20,Snorkelling,,,,Level 1,Level 1,No,,,,No,
7baa967e-87db-4346-84f8-5045ed49fd6a,Snowboarding,,,"Snowboarding combines elements of skiing, skateboarding and surfing.",Level 1,Level 1,No,,,,Yes,
23fe7a44-f2f8-47d0-bc25-f381a99632a4,Snowboarding,Freestyle Snowboarding,,,Level 1,Level 1,No,No,Level 2,No,Yes,No
e384bb86-3236-4881-8d32-69ea44331a8d,Snowboarding,Snowboard Racing,,,Level 1,Level 1,No,No,Level 2,No,Yes,No
ec1475e3-6ae4-4187-a492-8f821fbc2faa,Softball,,,"Softball is a direct descendant of Baseball, only the ball is bigger and the game is more fun.",Level 1,Level 1,No,,,,Yes,
9f80ffea-d562-4118-a767-c03095bdfd27,Sombo,,,,Level 1,No,No,,,,Yes,
b7845b8a-4c0c-4a8f-93d3-d41d62eec889,Squash,,,The game is played by two players (or four players for doubles) with standard rackets in a four-walled court with a small hollow rubber ball.,Level 1,Level 1,No,,,,Yes,
2492ce31-e85c-4ba4-b11b-f497bf7598b5,Stoolball,,,"Stoolball is a team sport, similar to Twenty20 cricket.",Level 1,Level 1,No,,,,Yes,
4fc77761-16a2-47df-bd96-39a3f205bfa7,Strength & Conditioning Classes,,,,No,No,No,,,,No,
741097ba-21a0-4b7b-8099-86ddb562458a,Strength & Conditioning Classes,Abs/Core,Core,,No,No,No,No,No,Level 2,No,No
b0eb3e2b-8297-4d86-96f2-e07b725b2fe4,Strength & Conditioning Classes,Aerial Discipline,,"Aerial discipline is a collections of aerial activities which include the use of vertical rope, silks tissu, straps, static trapeze and hoop.",No,No,No,No,Level 2,Level 2,No,No
85b1e6ad-797f-4879-960e-eb4612da7c9d,Strength & Conditioning Classes,Animal Flow®,,,No,No,No,No,No,Level 2,No,No
f3a673fe-1c88-48c1-b3ec-9dc749934cc2,Strength & Conditioning Classes,Beam Fit,,,No,No,No,No,No,Level 2,No,No
f25c050b-b454-4b6c-9301-f696f787c8f2,Strength & Conditioning Classes,Body Conditioining,,,No,No,No,No,No,Level 2,No,No
5e78bcbe-36db-425a-9064-bf96d09cc351,Strength & Conditioning Classes,Bodypump™,Bodypump,BODYPUMPâ„¢ is using light to moderate weights with lots of repetition to provide a total body workout.,No,No,No,No,No,Level 2,No,No
ead300ad-a399-4768-b7ad-59e09fbe29fc,Strength & Conditioning Classes,Bosu®,,,No,No,No,No,No,Level 2,No,No
25b963ea-e01e-4fd9-ba38-275f1d278ed6,Strength & Conditioning Classes,Boxercise,,"Boxercise is an effective form of cross training that incorporates a combination of boxing movements and aerobics. This makes a fun alternative and also improves rhythm, co-ordination as well as burning calories!",No,No,No,Level 2,Level 1,Level 2,No,No
9b84edd8-1934-409a-965e-77a74e9b3609,Strength & Conditioning Classes,Boxfit,,The Boxfit classes are an all-level circuit training class.,No,No,No,No,Level 2,Level 2,No,No
cb09c9da-93e1-4d39-83af-b7565971d2de,Strength & Conditioning Classes,Core Stability,,,No,No,No,No,No,Level 2,No,No
6b533564-ee1d-4e6e-9532-b07f8b5ef60d,Strength & Conditioning Classes,Cx Worx™,,,No,No,No,No,No,Level 2,No,No
ea5f74c7-6d69-44c5-8bdc-42e46488f4e0,Strength & Conditioning Classes,Extend,,,No,No,No,No,No,Level 2,No,No
e6d04eaa-a1b9-4e5f-97a3-445783f51bae,Strength & Conditioning Classes,Fabs,,,No,No,No,No,No,Level 2,No,No
5ad9ab0b-dda5-4028-94a0-f3c205734a2d,Strength & Conditioning Classes,Fight Fx,,,No,No,No,No,No,Level 2,No,No
e30df90a-fd99-4545-b5fe-2f8a34a01eae,Strength & Conditioning Classes,Fitball,,,No,No,No,No,No,Level 2,No,No
c31ac4c7-5c95-4915-8528-adebaacbb39d,Strength & Conditioning Classes,Flexibar,,,No,No,No,No,No,Level 2,No,No
17f3ff8c-5c3a-4918-a71f-6028946d4a44,Strength & Conditioning Classes,Generic,,,No,No,No,No,No,Level 2,No,No
fa2d7665-bb7f-4596-a157-e08c975d6073,Strength & Conditioning Classes,Kettlebells,"Kettlebell, Kettlebell training",Kettlebell classes use a cast iron weight with a handle to perform exercises to core muscle groups to develops dynamic strength.,No,No,No,No,No,Level 2,No,No
039d64f4-3d6a-4f11-aaa7-79d887be423f,Strength & Conditioning Classes,Kettlercise,,,No,No,No,No,No,Level 2,No,No
ffdcfccf-fa85-4e11-9a83-257b7bb7b07b,Strength & Conditioning Classes,Legs Bums And Tums,"""Legs, bums and tums""","This class focuses on toning up legs, bums and tums.",No,No,No,No,No,Level 2,No,No
87b7d180-d8c0-4721-adf6-9a257c164421,Strength & Conditioning Classes,Medicine Ball,,"A class using a Swiss ball to work on core strengthening, including the abdominal muscles which help to improve your balance.",No,No,No,No,Level 2,Level 2,No,No
72871f24-fdcd-4a88-9400-9cb08b911e70,Strength & Conditioning Classes,Otago,,,No,No,No,No,No,Level 2,No,No
fb4c0f65-7b9b-438b-b215-65013d2edb7c,Strength & Conditioning Classes,Power Plate,,,No,No,No,No,No,Level 2,No,No
c58fb951-3607-42b7-b5d6-baf2b5d70a98,Strength & Conditioning Classes,Powerbags,,,No,No,No,No,No,Level 2,No,No
fb7409ae-0e69-4b65-8406-bab8f40b522c,Strength & Conditioning Classes,Powerhoop,,,No,No,No,No,No,Level 2,No,No
4b9c1b69-ae55-43c7-9f27-7444e3c56ee5,Strength & Conditioning Classes,Pump Fx,,,No,No,No,No,No,Level 2,No,No
1b88144e-91cf-4642-8e6a-8e4524f7c56f,Strength & Conditioning Classes,Self Defence,,,No,No,No,No,No,Level 2,No,No
1c34e4a5-d36a-4c04-a9bf-03586524d93d,Strength & Conditioning Classes,Swiss Ball,,,No,No,No,No,No,Level 2,No,No
c3d3f498-e7f0-4b80-be4e-ee11da9b5765,Strength & Conditioning Classes,Trx®,,,No,No,No,No,No,Level 2,No,No
f801638f-bf5a-44b9-8cf8-a47b44791480,Strength & Conditioning Classes,Vipr,,,No,No,No,No,No,Level 2,No,No
25905e33-e0a3-466c-986e-aaed6bccdaef,Strength & Conditioning Classes,Weight Training,,,No,No,No,No,No,Level 2,No,No
ba5381a0-c981-4879-9b44-8b18e922c412,Surfing,,,Surfing is a surface water sport in which a person rides on a moving wave on a surf board.,Level 1,Level 1,No,,,,Yes,
743dcd77-ea4b-4399-bc5c-ccb9b0fb8520,Surfing,Board Surfing,,,Level 1,Level 1,No,Level 2,No,No,Yes,No
f5d80681-f6e0-487e-8173-ed2a7c277347,Surfing,Body Boarding,,,Level 1,Level 1,No,Level 1,No,No,Yes,No
4e91a965-67da-4135-8787-4bfe3bd1a6e2,Surfing,Body Surfing,,,Level 1,Level 1,No,Level 2,No,No,Yes,No
12e7315a-3182-415b-aaf3-923d23adfdf8,Surfing,Stand Up Paddleboarding,,"Unlike traditional surfing where the rider is sitting until a wave comes, stand up paddle boarders maintain an upright stance on their boards and use a paddle to propel themselves through the water.",Level 1,Level 1,No,No,Level 2,No,Yes,No
2750229d-b725-4171-9276-376be913957c,Swimming,,,Swimming is an excellent form of exercise as it gives a full-body workout.,Level 1,Level 1,No,,,,Yes,
35bf3588-f547-482f-a6f2-3e42cbc9691e,Swimming,Synchronised Swimming,,"Synchronised swimming (synchro) is an exciting mixture of swimming, dance and gymnastics performed mostly by women.",Level 1,Level 1,No,No,Level 2,No,Yes,No
84448fa6-6e63-49dc-8659-737bd6b24710,Systema,,,,No,Level 1,No,,,,No,
a05b8aae-2dd1-4869-89a4-6255b197be77,Tang Soo Do,,,,Level 1,No,No,,,,Yes,
1a05993d-b206-4efe-85da-646fa340bdf4,Table Tennis,,,Table tennis is an Olympic sport where two for four players hit a ball with paddles back and forth to each other on a table which is divided with a net.,Level 1,Level 1,No,,,,Yes,
9bc83d83-c651-4f37-b7e8-8ae4885d1899,Taekwondo,,,Taekwondo is a Korean martial art.,Level 1,Level 1,No,,,,Yes,
2042c328-e002-4055-81d3-9c07a7b2c2f4,Tchoukball,,,"Tchoukball is a fast and exciting sport that is typically played indoors however beach, grass and wheel chair versions are great alternatives",No,Level 1,No,,,,No,
1caf9e44-b0b0-43ed-82e3-066f45637d07,Ten-Pin Bowling,,,The player rolls a ball to knock over as many pins as possible.,Level 1,No,No,,,,No,
f2ea7405-6098-4378-b0fe-4e398a659fc4,Tennis,,,Tennis involves hitting a ball over a net using a racket.,Level 1,Level 1,No,,,,Yes,
868ff4fe-9fdf-4b94-9bb3-52b1acb80740,Tennis,Deaf Tennis,,"Deaf tennis has a long history in British tennis and playing the sport requires no adaption apart from making sure communication is clear between players, coaches and officials.",Level 1,Level 1,No,No,Level 2,No,Yes,No
178ac9d5-9042-41e4-b8b9-12edf824afbf,Tennis,Padel Tennis,,"The sport is derived from tennis, and the name comes from the English word paddle, referring to the paddles players use during play.",Level 1,Level 1,No,No,Level 1,No,Yes,No
36295b69-22b9-4554-8a87-6ba7ae75426d,Tennis,Visually Impaired Tennis,,,Level 1,Level 1,No,No,Level 2,No,Yes,No
7aa2af56-7454-4061-919e-21be6e3a6a4d,Tennis,Wheelchair Tennis,,,Level 1,Level 1,No,No,Level 1,No,Yes,No
6c572662-df79-44cf-a4f0-19bb0c8dbd73,Tobagganing,,"Sledding, Sledging",,Level 1,No,No,,,,No,
0082b27f-8be5-4ade-ae1f-5f0b2be9e164,Trampolining,,,Trampolining is a competitive Olympic sport in which gymnasts perform acrobatics while bouncing on a trampoline.,Level 1,Level 1,No,,,,Yes,
c4e6c711-66fc-438e-b206-1dfdddc2d912,Triathlon,,,"Triathlon is an exciting multi-discipline sport made up of a swim, then a bike ride and then a run.",Level 1,Level 1,No,,,,Yes,
9fee9fb7-9279-4b79-806e-0dc78782e308,Triathlon,Aquathlon,,"The sport of aquathlon consists of a continuous, two-stage race involving swimming followed by running.",Level 1,Level 1,No,No,Level 2,No,Yes,No
7a0d4399-d7a2-43e4-b9dc-5bf88c7a7eea,Triathlon,Duathlon,,,Level 1,Level 1,No,Level 1,No,No,Yes,No
3ecfe343-9570-4d21-86f2-2bd9c46b4951,Tug Of War,,,The object is to pull the opposing team a distance of four metres.,Level 1,Level 1,No,,,,Yes,
8088e8a5-2b29-4e64-a1b2-857576e36818,Ultimate Frisbee,,,"Ultimate is an exciting, non-contact team sport.",Level 1,Level 1,No,,,,No,
065c8564-144a-4833-b95a-db8550e6ac86,Volleyball,,,Volleyball is an Olympic team sport in which two teams of 6 players are separated by a net.,Level 1,Level 1,No,,,,Yes,
1731f73f-ed27-487c-86fc-d76fc2cf7984,Volleyball,Beach Volleyball,,Beach Volleyball is a variation of Volleyball that takes place on sand instead of a hard court.,Level 1,Level 1,No,Level 2,Level 2,No,Yes,No
4a2ba988-045a-45d0-91a8-dbbfb33886b7,Volleyball,Indoor Volleyball,,,Level 1,Level 1,No,Level 2,No,No,Yes,No
ba8f0f90-de5e-4abf-88a8-6d1a7c1e0f91,Volleyball,Sitting Volleyball,,Sitting volleyball has grown to be one of the more popular Paralympic sports due to the fast and exciting action.,Level 1,Level 1,No,No,Level 2,No,Yes,No
a11b2b1f-e0cd-4dd0-af89-498662f00cc1,Wakeboarding,,,Wakeboarding is a surface water sport which involves riding a wakeboard over the surface of a body of water.,Level 1,Level 1,No,,,,Yes,
62883bb1-ea39-401b-a277-06cbf56915b6,Wakeboarding,Knee Boarding,,,Level 1,Level 1,No,Level 1,No,No,Yes,No
95092977-5a20-4d6e-b312-8fddabe71544,Walking,,Rambling,"Walking is the easiest, most accessible, cost effective, and enjoyable way for most people to increase their physical activity.",Level 1,Level 1,No,,,,No,
e82ea1b1-2b4f-4269-a4f9-42190e502754,Walking,Dog Walking,,,Level 1,Level 1,No,Level 2,No,No,No,No
1f198adc-d97b-410e-b661-e439be962155,Walking,Fell Walking,,,Level 1,Level 1,No,Level 2,No,No,No,No
619f374a-c1b6-48d2-aabe-a01b6dedb9fd,Walking,Hiking,,,Level 1,Level 1,No,Level 2,No,No,No,No
f6ec0ab4-6855-48d5-90ad-da87d70c2715,Walking,Hill Walking,,,Level 1,Level 1,No,Level 2,No,No,No,No
428391c1-a75a-49aa-b777-56a1c966cc37,Walking,Mountain Walking,,,Level 1,Level 1,No,Level 2,No,No,No,No
c72e1713-25c1-4886-926a-4cd549bb4916,Walking,Nordic Walking,,,Level 1,Level 1,No,No,Level 1,Level 2,No,No
5edd0b4a-e4cb-40e7-bd90-28d47f914ed0,Wallball,,,Wallball is a sport in which players compete by hitting a ball against a wall with their hands. It is played all over the world and after being accepted as an official World Games sport.,No,Level 1,No,,,,No,
91cef809-04e9-424c-9c33-487c91d651fa,Water Polo,,,Water polo is a fast-paced sport played by two teams in a swimming pool.,Level 1,Level 1,No,,,,Yes,
ba9a2508-fbc7-4cd2-bf5a-398211ba88a4,Water Skiing,,,,Level 1,Level 1,No,,,,Yes,
82057527-8288-4faa-bc2e-11aa734f61f1,Water-Based Classes,,,,No,No,No,,,,No,
6e31262b-ce37-4fc7-b3e3-d827ac5e8b42,Water-Based Classes,Aqua Aerobics,,,No,No,No,Level 2,No,Level 2,No,No
9a4ecdc3-5f70-48e8-9718-8542db315230,Water-Based Classes,Aqua Fit,Aquafit,Aquafit is shallow and deep water aerobics.,No,No,No,No,No,Level 2,No,No
ddc48677-d3af-47e0-84a9-d6f6514ea001,Water-Based Classes,Aqua Fit (Shallow Water),,Aquafit is shallow and deep water aerobics.,No,No,No,No,No,Level 2,No,No
1646bc29-dda3-4a97-a2ad-48c21bce8bb5,Water-Based Classes,Aqua Zumba®,,"Zumba crossed with traditional aqua fitness disciplines creating a challenging, body-toning water-based workout.",No,No,No,No,No,Level 2,No,No
ad730396-0431-41e9-83cb-3468c8df8443,Water-Based Classes,Aquacise,,,No,No,No,No,No,Level 2,No,No
8e2dcbed-9ec9-46b0-a1c8-af2a4d0d2e01,Weightlifting,,,Olympic Weight Lifting is one of the world's oldest competitive sports.,Level 1,Level 1,No,,,,Yes,
1bf1695a-d0e9-4c2c-8a02-8853ab619324,Weightlifting,Clean and Jerk,Clean & Jerk,,Level 1,Level 1,No,No,No,No,Yes,No
b4ededac-c921-47a8-a689-23fbdecab8d8,Weightlifting,Powerlifting,,,Level 1,Level 1,No,Level 2,No,No,Yes,Yes
04f7b51f-752c-4856-8d11-87da39ac4dad,Weightlifting,Snatch,,,Level 1,Level 1,No,Level 2,No,No,Yes,No
12c9d7fd-4365-4603-b338-6d88c21169f3,Wheelchair Rugby,,,"As one of the only full-contact disability sports, it is little wonder wheelchair rugby, aka 'murderball' was one of the biggest hits of the London 2012 Paralympic Games.",Level 1,Level 1,No,,,,No,
76282a7a-11cf-4da7-86f1-b0f192dd0f56,Windsurfing,,,Windsurfing is a surface water sport that combines elements of surfing and sailing.,Level 1,Level 1,No,,,,Yes,
88ba0d3d-ce9e-4ee7-a6e5-2f16c944bfac,Wrestling,,,"Wrestling is a sport as old as mankind itself. Since the dawn of time men have been pitted against each other in physical hand-to-hand combat, making this almost certainly the most ancient of Olympic sports.",Level 1,Level 1,No,,,,Yes,
18974180-5901-4297-95b3-f6d7147e106c,Wushu,,,,Level 1,No,No,,,,No,
